-- phpMyAdmin SQL Dump
-- version 5.2.1
-- https://www.phpmyadmin.net/
--
-- Host: 127.0.0.1
-- Tempo de geração: 06/06/2025 às 00:33
-- Versão do servidor: 10.4.32-MariaDB
-- Versão do PHP: 8.2.12

SET SQL_MODE = "NO_AUTO_VALUE_ON_ZERO";
START TRANSACTION;
SET time_zone = "+00:00";


/*!40101 SET @OLD_CHARACTER_SET_CLIENT=@@CHARACTER_SET_CLIENT */;
/*!40101 SET @OLD_CHARACTER_SET_RESULTS=@@CHARACTER_SET_RESULTS */;
/*!40101 SET @OLD_COLLATION_CONNECTION=@@COLLATION_CONNECTION */;
/*!40101 SET NAMES utf8mb4 */;

--
-- Banco de dados: `vac`
--

-- --------------------------------------------------------

--
-- Estrutura para tabela `aplicacao`
--

CREATE TABLE `aplicacao` (
  `id_aplica` int(11) NOT NULL,
  `id_usuario` int(11) NOT NULL,
  `id_posto` int(11) NOT NULL,
  `id_medico` int(11) NOT NULL,
  `id_vaci` int(11) NOT NULL,
  `data_aplica` date NOT NULL,
  `dose_aplicad` int(1) DEFAULT NULL
) ENGINE=InnoDB DEFAULT CHARSET=utf8mb4 COLLATE=utf8mb4_general_ci;

--
-- Despejando dados para a tabela `aplicacao`
--

INSERT INTO `aplicacao` (`id_aplica`, `id_usuario`, `id_posto`, `id_medico`, `id_vaci`, `data_aplica`, `dose_aplicad`) VALUES
(1, 1, 11, 1, 1, '2025-05-01', 1),
(2, 1, 12, 2, 2, '2025-05-02', 1),
(3, 1, 13, 3, 3, '2025-05-03', 1),
(4, 1, 11, 2, 4, '2020-02-14', 1),
(5, 1, 11, 2, 4, '2020-02-14', 1),
(6, 1, 8, 2, 4, '2025-05-14', 1),
(64, 1, 8, 2, 4, '2025-05-14', 1),
(65, 1, 8, 2, 4, '2025-05-14', 1),
(66, 1, 8, 2, 4, '2025-05-14', 1),
(67, 1, 8, 2, 4, '2025-05-14', 1),
(68, 1, 8, 2, 4, '2025-05-14', 1),
(69, 1, 8, 2, 4, '2025-05-14', 1),
(70, 1, 8, 2, 4, '2025-05-14', 1),
(71, 1, 8, 2, 4, '2025-05-14', 1),
(72, 1, 8, 2, 4, '2025-05-14', 1),
(73, 1, 8, 2, 4, '2025-05-14', 1),
(74, 1, 8, 2, 4, '2025-05-14', 1),
(75, 1, 8, 2, 4, '2025-05-14', 1),
(76, 1, 8, 2, 4, '2025-05-14', 1),
(77, 1, 8, 2, 4, '2025-05-14', 1),
(78, 1, 8, 2, 4, '2025-05-14', 1),
(79, 1, 8, 2, 4, '2025-05-14', 1),
(80, 1, 8, 2, 4, '2025-05-14', 1),
(81, 1, 8, 2, 4, '2025-05-14', 1),
(82, 1, 8, 2, 4, '2025-05-14', 1),
(83, 1, 8, 2, 4, '2025-05-14', 1),
(84, 1, 8, 2, 4, '2025-05-14', 1),
(85, 1, 8, 2, 4, '2025-05-14', 1),
(86, 1, 8, 2, 4, '2025-05-14', 1),
(87, 1, 8, 2, 4, '2025-05-14', 1),
(88, 1, 8, 2, 4, '2025-05-14', 1),
(89, 1, 8, 2, 4, '2025-05-14', 1),
(90, 1, 8, 2, 4, '2025-05-14', 1),
(91, 1, 8, 2, 4, '2025-05-14', 1),
(92, 1, 8, 2, 4, '2025-05-14', 1),
(93, 1, 8, 2, 4, '2025-05-14', 1),
(94, 1, 8, 2, 4, '2025-05-14', 1),
(95, 1, 8, 2, 4, '2025-05-14', 1),
(96, 1, 8, 2, 4, '2025-05-14', 1),
(97, 1, 8, 2, 4, '2025-05-14', 1),
(98, 1, 8, 2, 4, '2025-05-14', 1),
(99, 1, 8, 2, 4, '2025-05-14', 1),
(100, 1, 8, 2, 4, '2025-05-14', 1),
(101, 1, 8, 2, 4, '2025-05-14', 1),
(102, 1, 8, 2, 4, '2025-05-14', 1),
(103, 1, 8, 2, 4, '2025-05-14', 1),
(104, 1, 8, 2, 4, '2025-05-14', 1),
(105, 1, 8, 2, 4, '2025-05-14', 1),
(106, 1, 8, 2, 4, '2025-05-14', 1),
(107, 1, 8, 2, 4, '2025-05-14', 1),
(108, 1, 8, 2, 4, '2025-05-14', 1),
(109, 1, 8, 2, 4, '2025-05-14', 1),
(110, 1, 8, 2, 4, '2025-05-14', 1),
(111, 1, 8, 2, 4, '2025-05-14', 1),
(112, 1, 8, 2, 4, '2025-05-14', 1),
(113, 1, 8, 2, 4, '2025-05-14', 1),
(114, 1, 8, 2, 4, '2025-05-14', 1),
(115, 1, 8, 2, 4, '2025-05-14', 1),
(116, 1, 8, 2, 4, '2025-05-14', 1),
(117, 1, 8, 2, 4, '2025-05-14', 1),
(118, 1, 8, 2, 4, '2025-05-14', 1),
(119, 1, 8, 2, 4, '2025-05-14', 1),
(120, 1, 8, 2, 4, '2025-05-14', 1),
(121, 1, 8, 2, 4, '2025-05-14', 1),
(122, 1, 8, 2, 4, '2025-05-14', 1),
(123, 1, 8, 2, 4, '2025-05-14', 1),
(124, 1, 8, 2, 4, '2025-05-14', 1),
(125, 1, 8, 2, 4, '2025-05-14', 1),
(126, 1, 8, 2, 4, '2025-05-14', 1),
(127, 1, 8, 2, 4, '2025-05-14', 1),
(128, 1, 8, 2, 4, '2025-05-14', 1),
(129, 1, 8, 2, 4, '2025-05-14', 1),
(130, 1, 8, 2, 4, '2025-05-14', 1),
(131, 1, 8, 2, 4, '2025-05-14', 1),
(132, 1, 8, 2, 4, '2025-05-14', 1),
(133, 1, 8, 2, 4, '2025-05-14', 1),
(134, 1, 8, 2, 4, '2025-05-14', 1),
(135, 1, 8, 2, 4, '2025-05-14', 1),
(136, 1, 8, 2, 4, '2025-05-14', 1),
(137, 1, 8, 2, 4, '2025-05-14', 1),
(138, 1, 8, 2, 4, '2025-05-14', 1),
(139, 1, 8, 2, 4, '2025-05-14', 1),
(140, 1, 8, 2, 4, '2025-05-14', 1),
(141, 1, 8, 2, 4, '2025-05-14', 1),
(142, 1, 8, 2, 4, '2025-05-14', 1),
(143, 1, 8, 2, 4, '2025-05-14', 1),
(144, 1, 8, 2, 4, '2025-05-14', 1),
(145, 1, 8, 2, 4, '2025-05-14', 1),
(146, 1, 8, 2, 4, '2025-05-14', 1),
(147, 1, 8, 2, 4, '2025-05-14', 1),
(148, 1, 8, 2, 4, '2025-05-14', 1),
(149, 1, 8, 2, 4, '2025-05-14', 1),
(150, 1, 8, 2, 4, '2025-05-14', 1),
(151, 1, 8, 2, 4, '2025-05-14', 1),
(152, 1, 8, 2, 4, '2025-05-14', 1),
(153, 1, 8, 2, 4, '2025-05-14', 1),
(154, 1, 8, 2, 4, '2025-05-14', 1),
(155, 1, 8, 2, 4, '2025-05-14', 1),
(156, 1, 8, 2, 4, '2025-05-14', 1),
(157, 1, 8, 2, 4, '2025-05-14', 1),
(158, 1, 8, 2, 4, '2025-05-14', 1),
(159, 1, 8, 2, 4, '2025-05-14', 1),
(160, 1, 8, 2, 4, '2025-05-14', 1),
(161, 1, 8, 2, 4, '2025-05-14', 1),
(162, 1, 8, 2, 4, '2025-05-14', 1),
(163, 1, 8, 2, 4, '2025-05-14', 1),
(164, 1, 8, 2, 4, '2025-05-14', 1),
(165, 1, 8, 2, 4, '2025-05-14', 1),
(166, 1, 8, 2, 4, '2025-05-14', 1),
(167, 1, 8, 2, 4, '2025-05-14', 1),
(168, 1, 8, 2, 4, '2025-05-14', 1),
(169, 1, 8, 2, 4, '2025-05-14', 1),
(170, 1, 8, 2, 4, '2025-05-14', 1),
(171, 1, 8, 2, 4, '2025-05-14', 1),
(172, 1, 8, 2, 4, '2025-05-14', 1),
(173, 1, 8, 2, 4, '2025-05-14', 1),
(174, 1, 8, 2, 4, '2025-05-14', 1),
(175, 1, 8, 2, 4, '2025-05-14', 1),
(176, 1, 8, 2, 4, '2025-05-14', 1),
(177, 1, 8, 2, 4, '2025-05-14', 1),
(178, 1, 8, 2, 4, '2025-05-14', 1),
(179, 1, 8, 2, 4, '2025-05-14', 1),
(180, 1, 8, 2, 4, '2025-05-14', 1),
(181, 1, 8, 2, 4, '2025-05-14', 1),
(182, 1, 8, 2, 4, '2025-05-14', 1),
(183, 1, 8, 2, 4, '2025-05-14', 1),
(184, 1, 8, 2, 4, '2025-05-14', 1),
(185, 1, 8, 2, 4, '2025-05-14', 1),
(186, 1, 8, 2, 4, '2025-05-14', 1),
(187, 1, 8, 2, 4, '2025-05-14', 1),
(188, 1, 8, 2, 4, '2025-05-14', 1),
(189, 1, 8, 2, 4, '2025-05-14', 1),
(190, 1, 8, 2, 4, '2025-05-14', 1),
(191, 1, 8, 2, 4, '2025-05-14', 1),
(192, 1, 8, 2, 4, '2025-05-14', 1),
(193, 1, 8, 2, 4, '2025-05-14', 1),
(194, 1, 8, 2, 4, '2025-05-14', 1),
(195, 1, 8, 2, 4, '2025-05-14', 1),
(196, 1, 8, 2, 4, '2025-05-14', 1),
(197, 1, 8, 2, 4, '2025-05-14', 1),
(198, 1, 8, 2, 4, '2025-05-14', 1),
(199, 1, 8, 2, 4, '2025-05-14', 1),
(200, 1, 8, 2, 4, '2025-05-14', 1),
(201, 1, 8, 2, 4, '2025-05-14', 1),
(202, 1, 8, 2, 4, '2025-05-14', 1),
(203, 1, 8, 2, 4, '2025-05-14', 1),
(204, 1, 8, 2, 4, '2025-05-14', 1),
(205, 1, 8, 2, 4, '2025-05-14', 1),
(206, 1, 8, 2, 4, '2025-05-14', 1),
(207, 1, 8, 2, 4, '2025-05-14', 1),
(208, 1, 8, 2, 4, '2025-05-14', 1),
(209, 1, 8, 2, 4, '2025-05-14', 1),
(210, 1, 8, 2, 4, '2025-05-14', 1),
(211, 1, 8, 2, 4, '2025-05-14', 1),
(212, 1, 8, 2, 4, '2025-05-14', 1),
(213, 1, 8, 2, 4, '2025-05-14', 1),
(214, 1, 8, 2, 4, '2025-05-14', 1),
(215, 1, 8, 2, 4, '2025-05-14', 1),
(216, 1, 8, 2, 4, '2025-05-14', 1),
(217, 1, 8, 2, 4, '2025-05-14', 1),
(218, 1, 8, 2, 4, '2025-05-14', 1),
(219, 1, 8, 2, 4, '2025-05-14', 1),
(220, 1, 8, 2, 4, '2025-05-14', 1),
(221, 1, 8, 2, 4, '2025-05-14', 1),
(222, 1, 8, 2, 4, '2025-05-14', 1),
(223, 1, 8, 2, 4, '2025-05-14', 1),
(224, 1, 8, 2, 4, '2025-05-14', 1),
(225, 1, 8, 2, 4, '2025-05-14', 1),
(226, 1, 8, 2, 4, '2025-05-14', 1),
(227, 1, 8, 2, 4, '2025-05-14', 1),
(228, 1, 8, 2, 4, '2025-05-14', 1),
(229, 1, 8, 2, 4, '2025-05-14', 1),
(230, 1, 8, 2, 4, '2025-05-14', 1),
(231, 1, 8, 2, 4, '2025-05-14', 1),
(232, 1, 8, 2, 4, '2025-05-14', 1),
(233, 1, 8, 2, 4, '2025-05-14', 1),
(234, 1, 8, 2, 4, '2025-05-14', 1),
(235, 1, 8, 2, 4, '2025-05-14', 1),
(236, 1, 8, 2, 4, '2025-05-14', 1),
(237, 1, 8, 2, 4, '2025-05-14', 1),
(238, 1, 8, 2, 4, '2025-05-14', 1),
(239, 1, 8, 2, 4, '2025-05-14', 1),
(240, 1, 8, 2, 4, '2025-05-14', 1),
(241, 1, 8, 2, 4, '2025-05-14', 1),
(242, 1, 8, 2, 4, '2025-05-14', 1),
(243, 1, 8, 2, 4, '2025-05-14', 1),
(244, 1, 8, 2, 4, '2025-05-14', 1),
(245, 1, 8, 2, 4, '2025-05-14', 1),
(246, 1, 8, 2, 4, '2025-05-14', 1),
(247, 1, 8, 2, 4, '2025-05-14', 1),
(248, 1, 8, 2, 4, '2025-05-14', 1),
(249, 1, 8, 2, 4, '2025-05-14', 1),
(250, 1, 8, 2, 4, '2025-05-14', 1),
(251, 1, 8, 2, 4, '2025-05-14', 1),
(252, 1, 8, 2, 4, '2025-05-14', 1),
(253, 1, 8, 2, 4, '2025-05-14', 1),
(254, 1, 8, 2, 4, '2025-05-14', 1),
(255, 1, 8, 2, 4, '2025-05-14', 1),
(256, 1, 8, 2, 4, '2025-05-14', 1),
(257, 1, 8, 2, 4, '2025-05-14', 1),
(258, 1, 8, 2, 4, '2025-05-14', 1),
(259, 1, 8, 2, 4, '2025-05-14', 1),
(260, 1, 8, 2, 4, '2025-05-14', 1),
(261, 1, 8, 2, 4, '2025-05-14', 1),
(262, 1, 8, 2, 4, '2025-05-14', 1),
(263, 1, 8, 2, 4, '2025-05-14', 1),
(264, 1, 8, 2, 4, '2025-05-14', 1),
(265, 1, 8, 2, 4, '2025-05-14', 1),
(266, 1, 8, 2, 4, '2025-05-14', 1),
(267, 1, 8, 2, 4, '2025-05-14', 1),
(268, 1, 8, 2, 4, '2025-05-14', 1),
(269, 1, 8, 2, 4, '2025-05-14', 1),
(270, 1, 8, 2, 4, '2025-05-14', 1),
(271, 1, 8, 2, 4, '2025-05-14', 1),
(272, 1, 8, 2, 4, '2025-05-14', 1),
(273, 1, 8, 2, 4, '2025-05-14', 1),
(274, 1, 8, 2, 4, '2025-05-14', 1),
(275, 1, 8, 2, 4, '2025-05-14', 1),
(276, 1, 8, 2, 4, '2025-05-14', 1),
(277, 1, 8, 2, 4, '2025-05-14', 1),
(278, 1, 8, 2, 4, '2025-05-14', 1),
(279, 1, 8, 2, 4, '2025-05-14', 1),
(280, 1, 8, 2, 4, '2025-05-14', 1),
(281, 1, 8, 2, 4, '2025-05-14', 1),
(282, 1, 8, 2, 4, '2025-05-14', 1),
(283, 1, 8, 2, 4, '2025-05-14', 1),
(284, 1, 8, 2, 4, '2025-05-14', 1),
(285, 1, 8, 2, 4, '2025-05-14', 1),
(286, 1, 8, 2, 4, '2025-05-14', 1),
(287, 1, 8, 2, 4, '2025-05-14', 1),
(288, 1, 8, 2, 4, '2025-05-14', 1),
(289, 1, 8, 2, 4, '2025-05-14', 1),
(290, 1, 8, 2, 4, '2025-05-14', 1),
(291, 1, 8, 2, 4, '2025-05-14', 1),
(292, 1, 8, 2, 4, '2025-05-14', 1),
(293, 1, 8, 2, 4, '2025-05-14', 1),
(294, 1, 8, 2, 4, '2025-05-14', 1),
(295, 1, 8, 2, 4, '2025-05-14', 1),
(296, 1, 8, 2, 4, '2025-05-14', 1),
(297, 1, 8, 2, 4, '2025-05-14', 1),
(298, 1, 8, 2, 4, '2025-05-14', 1),
(299, 1, 8, 2, 4, '2025-05-14', 1),
(300, 1, 8, 2, 4, '2025-05-14', 1),
(301, 1, 8, 2, 4, '2025-05-14', 1),
(302, 1, 8, 2, 4, '2025-05-14', 1),
(303, 1, 8, 2, 4, '2025-05-14', 1),
(304, 1, 8, 2, 4, '2025-05-14', 1),
(305, 1, 8, 2, 4, '2025-05-14', 1),
(306, 1, 8, 2, 4, '2025-05-14', 1),
(307, 1, 8, 2, 4, '2025-05-14', 1),
(308, 1, 8, 2, 4, '2025-05-14', 1),
(309, 1, 8, 2, 4, '2025-05-14', 1),
(310, 1, 8, 2, 4, '2025-05-14', 1),
(311, 1, 8, 2, 4, '2025-05-14', 1),
(312, 1, 8, 2, 4, '2025-05-14', 1),
(313, 1, 8, 2, 4, '2025-05-14', 1),
(314, 1, 8, 2, 4, '2025-05-14', 1),
(315, 1, 8, 2, 4, '2025-05-14', 1),
(316, 1, 8, 2, 4, '2025-05-14', 1),
(317, 1, 8, 2, 4, '2025-05-14', 1),
(318, 1, 8, 2, 4, '2025-05-14', 1),
(319, 1, 8, 2, 4, '2025-05-14', 1),
(320, 1, 8, 2, 4, '2025-05-14', 1),
(321, 1, 8, 2, 4, '2025-05-14', 1),
(322, 1, 8, 2, 4, '2025-05-14', 1),
(323, 1, 8, 2, 4, '2025-05-14', 1),
(324, 1, 8, 2, 4, '2025-05-14', 1),
(325, 1, 8, 2, 4, '2025-05-14', 1),
(326, 1, 8, 2, 4, '2025-05-14', 1),
(327, 1, 8, 2, 4, '2025-05-14', 1),
(328, 1, 8, 2, 4, '2025-05-14', 1),
(329, 1, 8, 2, 4, '2025-05-14', 1),
(330, 1, 8, 2, 4, '2025-05-14', 1),
(331, 1, 8, 2, 4, '2025-05-14', 1),
(332, 1, 8, 2, 4, '2025-05-14', 1),
(333, 1, 8, 2, 4, '2025-05-14', 1),
(334, 1, 8, 2, 4, '2025-05-14', 1),
(335, 1, 8, 2, 4, '2025-05-14', 1),
(336, 1, 8, 2, 4, '2025-05-14', 1),
(337, 1, 8, 2, 4, '2025-05-14', 1),
(338, 1, 8, 2, 4, '2025-05-14', 1),
(339, 1, 8, 2, 4, '2025-05-14', 1),
(340, 1, 8, 2, 4, '2025-05-14', 1),
(341, 1, 8, 2, 4, '2025-05-14', 1),
(342, 1, 8, 2, 4, '2025-05-14', 1),
(343, 1, 8, 2, 4, '2025-05-14', 1),
(344, 1, 8, 2, 4, '2025-05-14', 1),
(345, 1, 8, 2, 4, '2025-05-14', 1),
(346, 1, 8, 2, 4, '2025-05-14', 1),
(347, 1, 8, 2, 4, '2025-05-14', 1),
(348, 1, 8, 2, 4, '2025-05-14', 1),
(349, 1, 8, 2, 4, '2025-05-14', 1),
(350, 1, 8, 2, 4, '2025-05-14', 1),
(351, 1, 8, 2, 4, '2025-05-14', 1),
(352, 1, 8, 2, 4, '2025-05-14', 1),
(353, 1, 8, 2, 4, '2025-05-14', 1),
(354, 1, 8, 2, 4, '2025-05-14', 1),
(355, 1, 8, 2, 4, '2025-05-14', 1),
(356, 1, 8, 2, 4, '2025-05-14', 1),
(357, 1, 8, 2, 4, '2025-05-14', 1),
(358, 1, 8, 2, 4, '2025-05-14', 1),
(359, 1, 8, 2, 4, '2025-05-14', 1),
(360, 1, 8, 2, 4, '2025-05-14', 1),
(361, 1, 8, 2, 4, '2025-05-14', 1),
(362, 1, 8, 2, 4, '2025-05-14', 1),
(363, 1, 8, 2, 4, '2025-05-14', 1),
(364, 1, 8, 2, 4, '2025-05-14', 1),
(365, 1, 8, 2, 4, '2025-05-14', 1),
(366, 1, 8, 2, 4, '2025-05-14', 1),
(367, 1, 8, 2, 4, '2025-05-14', 1),
(368, 1, 8, 2, 4, '2025-05-14', 1),
(369, 1, 8, 2, 4, '2025-05-14', 1),
(370, 1, 8, 2, 4, '2025-05-14', 1),
(371, 1, 8, 2, 4, '2025-05-14', 1),
(372, 1, 8, 2, 4, '2025-05-14', 1),
(373, 1, 8, 2, 4, '2025-05-14', 1),
(374, 1, 8, 2, 4, '2025-05-14', 1),
(375, 1, 8, 2, 4, '2025-05-14', 1),
(376, 1, 8, 2, 4, '2025-05-14', 1),
(377, 1, 8, 2, 4, '2025-05-14', 1),
(378, 1, 8, 2, 4, '2025-05-14', 1),
(379, 1, 8, 2, 4, '2025-05-14', 1),
(380, 1, 8, 2, 4, '2025-05-14', 1),
(381, 1, 8, 2, 4, '2025-05-14', 1),
(382, 1, 8, 2, 4, '2025-05-14', 1),
(383, 1, 8, 2, 4, '2025-05-14', 1),
(384, 1, 8, 2, 4, '2025-05-14', 1),
(385, 1, 8, 2, 4, '2025-05-14', 1),
(386, 1, 8, 2, 4, '2025-05-14', 1),
(387, 1, 8, 2, 4, '2025-05-14', 1),
(388, 1, 8, 2, 4, '2025-05-14', 1),
(389, 1, 8, 2, 4, '2025-05-14', 1),
(390, 1, 8, 2, 4, '2025-05-14', 1),
(391, 1, 8, 2, 4, '2025-05-14', 1),
(392, 1, 8, 2, 4, '2025-05-14', 1),
(393, 1, 8, 2, 4, '2025-05-14', 1),
(394, 1, 8, 2, 4, '2025-05-14', 1),
(395, 1, 8, 2, 4, '2025-05-14', 1),
(396, 1, 8, 2, 4, '2025-05-14', 1),
(397, 1, 8, 2, 4, '2025-05-14', 1),
(398, 1, 8, 2, 4, '2025-05-14', 1),
(399, 1, 8, 2, 4, '2025-05-14', 1),
(400, 1, 8, 2, 4, '2025-05-14', 1),
(401, 1, 8, 2, 4, '2025-05-14', 1),
(402, 1, 8, 2, 4, '2025-05-14', 1),
(403, 1, 8, 2, 4, '2025-05-14', 1),
(404, 1, 8, 2, 4, '2025-05-14', 1),
(405, 1, 8, 2, 4, '2025-05-14', 1),
(406, 1, 8, 2, 4, '2025-05-14', 1),
(407, 1, 8, 2, 4, '2025-05-14', 1),
(408, 1, 8, 2, 4, '2025-05-14', 1),
(409, 1, 8, 2, 4, '2025-05-14', 1),
(410, 1, 8, 2, 4, '2025-05-14', 1),
(411, 1, 8, 2, 4, '2025-05-14', 1),
(412, 1, 8, 2, 4, '2025-05-14', 1),
(413, 1, 8, 2, 4, '2025-05-14', 1),
(414, 1, 8, 2, 4, '2025-05-14', 1),
(415, 1, 8, 2, 4, '2025-05-14', 1),
(416, 1, 8, 2, 4, '2025-05-14', 1),
(417, 1, 8, 2, 4, '2025-05-14', 1),
(418, 1, 8, 2, 4, '2025-05-14', 1),
(419, 1, 8, 2, 4, '2025-05-14', 1),
(420, 1, 8, 2, 4, '2025-05-14', 1),
(421, 1, 8, 2, 4, '2025-05-14', 1),
(422, 1, 8, 2, 4, '2025-05-14', 1),
(423, 1, 8, 2, 4, '2025-05-14', 1),
(424, 1, 8, 2, 4, '2025-05-14', 1),
(425, 1, 8, 2, 4, '2025-05-14', 1),
(426, 1, 8, 2, 4, '2025-05-14', 1),
(427, 1, 8, 2, 4, '2025-05-14', 1),
(428, 1, 8, 2, 4, '2025-05-14', 1),
(429, 1, 8, 2, 4, '2025-05-14', 1),
(430, 1, 8, 2, 4, '2025-05-14', 1),
(431, 1, 8, 2, 4, '2025-05-14', 1),
(432, 1, 8, 2, 4, '2025-05-14', 1),
(433, 1, 8, 2, 4, '2025-05-14', 1),
(434, 1, 8, 2, 4, '2025-05-14', 1),
(435, 1, 8, 2, 4, '2025-05-14', 1),
(436, 1, 8, 2, 4, '2025-05-14', 1),
(437, 1, 8, 2, 4, '2025-05-14', 1),
(438, 1, 8, 2, 4, '2025-05-14', 1),
(439, 1, 8, 2, 4, '2025-05-14', 1),
(440, 1, 8, 2, 4, '2025-05-14', 1),
(441, 1, 8, 2, 4, '2025-05-14', 1),
(442, 1, 8, 2, 4, '2025-05-14', 1),
(443, 1, 8, 2, 4, '2025-05-14', 1),
(444, 1, 8, 2, 4, '2025-05-14', 1),
(445, 1, 8, 2, 4, '2025-05-14', 1),
(446, 1, 8, 2, 4, '2025-05-14', 1),
(447, 1, 8, 2, 4, '2025-05-14', 1),
(448, 1, 8, 2, 4, '2025-05-14', 1),
(449, 1, 8, 2, 4, '2025-05-14', 1),
(450, 1, 8, 2, 4, '2025-05-14', 1),
(451, 1, 8, 2, 4, '2025-05-14', 1),
(452, 1, 8, 2, 4, '2025-05-14', 1),
(453, 1, 8, 2, 4, '2025-05-14', 1),
(454, 1, 8, 2, 4, '2025-05-14', 1),
(455, 1, 8, 2, 4, '2025-05-14', 1),
(456, 1, 8, 2, 4, '2025-05-14', 1),
(457, 1, 8, 2, 4, '2025-05-14', 1),
(458, 1, 8, 2, 4, '2025-05-14', 1),
(459, 1, 8, 2, 4, '2025-05-14', 1),
(460, 1, 8, 2, 4, '2025-05-14', 1),
(461, 1, 8, 2, 4, '2025-05-14', 1),
(462, 1, 8, 2, 4, '2025-05-14', 1),
(463, 1, 8, 2, 4, '2025-05-14', 1),
(464, 1, 8, 2, 4, '2025-05-14', 1),
(465, 1, 8, 2, 4, '2025-05-14', 1),
(466, 1, 8, 2, 4, '2025-05-14', 1),
(467, 1, 8, 2, 4, '2025-05-14', 1),
(468, 1, 8, 2, 4, '2025-05-14', 1),
(469, 1, 8, 2, 4, '2025-05-14', 1),
(470, 1, 8, 2, 4, '2025-05-14', 1),
(471, 1, 8, 2, 4, '2025-05-14', 1),
(472, 1, 8, 2, 4, '2025-05-14', 1),
(473, 1, 8, 2, 4, '2025-05-14', 1),
(474, 1, 8, 2, 4, '2025-05-14', 1),
(475, 1, 8, 2, 4, '2025-05-14', 1),
(476, 1, 8, 2, 4, '2025-05-14', 1),
(477, 1, 8, 2, 4, '2025-05-14', 1),
(478, 1, 8, 2, 4, '2025-05-14', 1),
(479, 1, 8, 2, 4, '2025-05-14', 1),
(480, 1, 8, 2, 4, '2025-05-14', 1),
(481, 1, 8, 2, 4, '2025-05-14', 1),
(482, 1, 8, 2, 4, '2025-05-14', 1),
(483, 1, 8, 2, 4, '2025-05-14', 1),
(484, 1, 8, 2, 4, '2025-05-14', 1),
(485, 1, 8, 2, 4, '2025-05-14', 1),
(486, 1, 8, 2, 4, '2025-05-14', 1),
(487, 1, 8, 2, 4, '2025-05-14', 1),
(488, 1, 8, 2, 4, '2025-05-14', 1),
(489, 1, 8, 2, 4, '2025-05-14', 1),
(490, 1, 8, 2, 4, '2025-05-14', 1),
(491, 1, 8, 2, 4, '2025-05-14', 1),
(492, 1, 8, 2, 4, '2025-05-14', 1),
(493, 1, 8, 2, 4, '2025-05-14', 1),
(494, 1, 8, 2, 4, '2025-05-14', 1),
(495, 1, 8, 2, 4, '2025-05-14', 1),
(496, 1, 8, 2, 4, '2025-05-14', 1),
(497, 1, 8, 2, 4, '2025-05-14', 1),
(498, 1, 8, 2, 4, '2025-05-14', 1),
(499, 1, 8, 2, 4, '2025-05-14', 1),
(500, 1, 8, 2, 4, '2025-05-14', 1),
(501, 1, 8, 2, 4, '2025-05-14', 1),
(502, 1, 8, 2, 4, '2025-05-14', 1),
(503, 1, 8, 2, 4, '2025-05-14', 1),
(504, 1, 8, 2, 4, '2025-05-14', 1),
(505, 1, 8, 2, 4, '2025-05-14', 1),
(506, 1, 8, 2, 4, '2025-05-14', 1),
(507, 1, 8, 2, 4, '2025-05-14', 1),
(508, 1, 8, 2, 4, '2025-05-14', 1),
(509, 1, 8, 2, 4, '2025-05-14', 1),
(510, 1, 8, 2, 4, '2025-05-14', 1),
(511, 1, 8, 2, 4, '2025-05-14', 1),
(512, 1, 8, 2, 4, '2025-05-14', 1),
(513, 1, 8, 2, 4, '2025-05-14', 1),
(514, 1, 8, 2, 4, '2025-05-14', 1),
(515, 1, 8, 2, 4, '2025-05-14', 1),
(516, 1, 8, 2, 4, '2025-05-14', 1),
(517, 1, 8, 2, 4, '2025-05-14', 1),
(518, 1, 8, 2, 4, '2025-05-14', 1),
(519, 1, 8, 2, 4, '2025-05-14', 1),
(520, 1, 8, 2, 4, '2025-05-14', 1),
(521, 1, 8, 2, 4, '2025-05-14', 1),
(522, 1, 8, 2, 4, '2025-05-14', 1),
(523, 1, 8, 2, 4, '2025-05-14', 1),
(524, 1, 8, 2, 4, '2025-05-14', 1),
(525, 1, 8, 2, 4, '2025-05-14', 1),
(526, 1, 8, 2, 4, '2025-05-14', 1),
(527, 1, 8, 2, 4, '2025-05-14', 1),
(528, 1, 8, 2, 4, '2025-05-14', 1),
(529, 1, 8, 2, 4, '2025-05-14', 1),
(530, 1, 8, 2, 4, '2025-05-14', 1),
(531, 1, 8, 2, 4, '2025-05-14', 1),
(532, 1, 8, 2, 4, '2025-05-14', 1),
(533, 1, 8, 2, 4, '2025-05-14', 1),
(534, 1, 8, 2, 4, '2025-05-14', 1),
(535, 1, 8, 2, 4, '2025-05-14', 1),
(536, 1, 8, 2, 4, '2025-05-14', 1),
(537, 1, 8, 2, 4, '2025-05-14', 1),
(538, 1, 8, 2, 4, '2025-05-14', 1),
(539, 1, 8, 2, 4, '2025-05-14', 1),
(540, 1, 8, 2, 4, '2025-05-14', 1),
(541, 1, 8, 2, 4, '2025-05-14', 1),
(542, 1, 8, 2, 4, '2025-05-14', 1),
(543, 1, 8, 2, 4, '2025-05-14', 1),
(544, 1, 8, 2, 4, '2025-05-14', 1),
(545, 1, 8, 2, 4, '2025-05-14', 1),
(546, 1, 8, 2, 4, '2025-05-14', 1),
(547, 1, 8, 2, 4, '2025-05-14', 1),
(548, 1, 8, 2, 4, '2025-05-14', 1),
(549, 1, 8, 2, 4, '2025-05-14', 1),
(550, 1, 8, 2, 4, '2025-05-14', 1),
(551, 1, 8, 2, 4, '2025-05-14', 1),
(552, 1, 8, 2, 4, '2025-05-14', 1),
(553, 1, 8, 2, 4, '2025-05-14', 1),
(554, 1, 8, 2, 4, '2025-05-14', 1),
(555, 1, 8, 2, 4, '2025-05-14', 1),
(556, 1, 8, 2, 4, '2025-05-14', 1),
(557, 1, 8, 2, 4, '2025-05-14', 1),
(558, 1, 8, 2, 4, '2025-05-14', 1),
(559, 1, 8, 2, 4, '2025-05-14', 1),
(560, 1, 8, 2, 4, '2025-05-14', 1),
(561, 1, 8, 2, 4, '2025-05-14', 1),
(562, 1, 8, 2, 4, '2025-05-14', 1),
(563, 1, 8, 2, 4, '2025-05-14', 1),
(564, 1, 8, 2, 4, '2025-05-14', 1),
(565, 1, 8, 2, 4, '2025-05-14', 1),
(566, 1, 8, 2, 4, '2025-05-14', 1),
(567, 1, 8, 2, 4, '2025-05-14', 1),
(568, 1, 8, 2, 4, '2025-05-14', 1),
(569, 1, 8, 2, 4, '2025-05-14', 1),
(570, 1, 8, 2, 4, '2025-05-14', 1),
(571, 1, 8, 2, 4, '2025-05-14', 1),
(572, 1, 8, 2, 4, '2025-05-14', 1),
(573, 1, 8, 2, 4, '2025-05-14', 1),
(574, 1, 8, 2, 4, '2025-05-14', 1),
(575, 1, 8, 2, 4, '2025-05-14', 1),
(576, 1, 8, 2, 4, '2025-05-14', 1),
(577, 1, 8, 2, 4, '2025-05-14', 1),
(578, 1, 8, 2, 4, '2025-05-14', 1),
(579, 1, 8, 2, 4, '2025-05-14', 1),
(580, 1, 8, 2, 4, '2025-05-14', 1),
(581, 1, 8, 2, 4, '2025-05-14', 1),
(582, 1, 8, 2, 4, '2025-05-14', 1),
(583, 1, 8, 2, 4, '2025-05-14', 1),
(584, 1, 8, 2, 4, '2025-05-14', 1),
(585, 1, 8, 2, 4, '2025-05-14', 1),
(586, 1, 8, 2, 4, '2025-05-14', 1),
(587, 1, 8, 2, 4, '2025-05-14', 1),
(588, 1, 8, 2, 4, '2025-05-14', 1),
(589, 1, 8, 2, 4, '2025-05-14', 1),
(590, 1, 8, 2, 4, '2025-05-14', 1),
(591, 1, 8, 2, 4, '2025-05-14', 1),
(592, 1, 8, 2, 4, '2025-05-14', 1),
(593, 1, 8, 2, 4, '2025-05-14', 1),
(594, 1, 8, 2, 4, '2025-05-14', 1),
(595, 1, 8, 2, 4, '2025-05-14', 1),
(596, 1, 8, 2, 4, '2025-05-14', 1),
(597, 1, 8, 2, 4, '2025-05-14', 1),
(598, 1, 8, 2, 4, '2025-05-14', 1),
(599, 1, 8, 2, 4, '2025-05-14', 1),
(600, 1, 8, 2, 4, '2025-05-14', 1),
(601, 1, 8, 2, 4, '2025-05-14', 1),
(602, 1, 8, 2, 4, '2025-05-14', 1),
(603, 1, 8, 2, 4, '2025-05-14', 1),
(604, 1, 8, 2, 4, '2025-05-14', 1),
(605, 1, 8, 2, 4, '2025-05-14', 1),
(606, 1, 8, 2, 4, '2025-05-14', 1),
(607, 1, 8, 2, 4, '2025-05-14', 1),
(608, 1, 8, 2, 4, '2025-05-14', 1),
(609, 1, 8, 2, 4, '2025-05-14', 1),
(610, 1, 8, 2, 4, '2025-05-14', 1),
(611, 1, 8, 2, 4, '2025-05-14', 1),
(612, 1, 8, 2, 4, '2025-05-14', 1),
(613, 1, 8, 2, 4, '2025-05-14', 1),
(614, 1, 8, 2, 4, '2025-05-14', 1),
(615, 1, 8, 2, 4, '2025-05-14', 1),
(616, 1, 8, 2, 4, '2025-05-14', 1),
(617, 1, 8, 2, 4, '2025-05-14', 1),
(618, 1, 8, 2, 4, '2025-05-14', 1),
(619, 1, 8, 2, 4, '2025-05-14', 1),
(620, 1, 8, 2, 4, '2025-05-14', 1),
(621, 1, 8, 2, 4, '2025-05-14', 1),
(622, 1, 8, 2, 4, '2025-05-14', 1),
(623, 1, 8, 2, 4, '2025-05-14', 1),
(624, 1, 8, 2, 4, '2025-05-14', 1),
(625, 1, 8, 2, 4, '2025-05-14', 1),
(626, 1, 8, 2, 4, '2025-05-14', 1),
(627, 1, 8, 2, 4, '2025-05-14', 1),
(628, 1, 8, 2, 4, '2025-05-14', 1),
(629, 1, 8, 2, 4, '2025-05-14', 1),
(630, 1, 8, 2, 4, '2025-05-14', 1),
(631, 1, 8, 2, 4, '2025-05-14', 1),
(632, 1, 8, 2, 4, '2025-05-14', 1),
(633, 1, 8, 2, 4, '2025-05-14', 1),
(634, 1, 8, 2, 4, '2025-05-14', 1),
(635, 1, 8, 2, 4, '2025-05-14', 1),
(636, 1, 8, 2, 4, '2025-05-14', 1),
(637, 1, 8, 2, 4, '2025-05-14', 1),
(638, 1, 8, 2, 4, '2025-05-14', 1),
(639, 1, 8, 2, 4, '2025-05-14', 1),
(640, 1, 8, 2, 4, '2025-05-14', 1),
(641, 1, 8, 2, 4, '2025-05-14', 1),
(642, 1, 8, 2, 4, '2025-05-14', 1),
(643, 1, 8, 2, 4, '2025-05-14', 1),
(644, 1, 8, 2, 4, '2025-05-14', 1),
(645, 1, 8, 2, 4, '2025-05-14', 1),
(646, 1, 8, 2, 4, '2025-05-14', 1),
(647, 1, 8, 2, 4, '2025-05-14', 1),
(648, 1, 8, 2, 4, '2025-05-14', 1),
(649, 1, 8, 2, 4, '2025-05-14', 1),
(650, 1, 8, 2, 4, '2025-05-14', 1),
(651, 1, 8, 2, 4, '2025-05-14', 1),
(652, 1, 8, 2, 4, '2025-05-14', 1),
(653, 1, 8, 2, 4, '2025-05-14', 1),
(654, 1, 8, 2, 4, '2025-05-14', 1),
(655, 1, 8, 2, 4, '2025-05-14', 1),
(656, 1, 8, 2, 4, '2025-05-14', 1),
(657, 1, 8, 2, 4, '2025-05-14', 1),
(658, 1, 8, 2, 4, '2025-05-14', 1),
(659, 1, 8, 2, 4, '2025-05-14', 1),
(660, 1, 8, 2, 4, '2025-05-14', 1),
(661, 1, 8, 2, 4, '2025-05-14', 1),
(662, 1, 8, 2, 4, '2025-05-14', 1),
(663, 1, 8, 2, 4, '2025-05-14', 1),
(664, 1, 8, 2, 4, '2025-05-14', 1),
(665, 1, 8, 2, 4, '2025-05-14', 1),
(666, 1, 8, 2, 4, '2025-05-14', 1),
(667, 1, 8, 2, 4, '2025-05-14', 1),
(668, 1, 8, 2, 4, '2025-05-14', 1),
(669, 1, 8, 2, 4, '2025-05-14', 1),
(670, 1, 8, 2, 4, '2025-05-14', 1),
(671, 1, 8, 2, 4, '2025-05-14', 1),
(672, 1, 8, 2, 4, '2025-05-14', 1),
(673, 1, 8, 2, 4, '2025-05-14', 1),
(674, 1, 8, 2, 4, '2025-05-14', 1),
(675, 1, 8, 2, 4, '2025-05-14', 1),
(676, 1, 8, 2, 4, '2025-05-14', 1),
(677, 1, 8, 2, 4, '2025-05-14', 1),
(678, 1, 8, 2, 4, '2025-05-14', 1),
(679, 1, 8, 2, 4, '2025-05-14', 1),
(680, 1, 8, 2, 4, '2025-05-14', 1),
(681, 1, 8, 2, 4, '2025-05-14', 1),
(682, 1, 8, 2, 4, '2025-05-14', 1),
(683, 1, 8, 2, 4, '2025-05-14', 1),
(684, 1, 8, 2, 4, '2025-05-14', 1),
(685, 1, 8, 2, 4, '2025-05-14', 1),
(686, 1, 8, 2, 4, '2025-05-14', 1),
(687, 1, 8, 2, 4, '2025-05-14', 1),
(688, 1, 8, 2, 4, '2025-05-14', 1),
(689, 1, 8, 2, 4, '2025-05-14', 1),
(690, 1, 8, 2, 4, '2025-05-14', 1),
(691, 1, 8, 2, 4, '2025-05-14', 1),
(692, 1, 8, 2, 4, '2025-05-14', 1),
(693, 1, 8, 2, 4, '2025-05-14', 1),
(694, 1, 8, 2, 4, '2025-05-14', 1),
(695, 1, 8, 2, 4, '2025-05-14', 1),
(696, 1, 8, 2, 4, '2025-05-14', 1),
(697, 1, 8, 2, 4, '2025-05-14', 1),
(698, 1, 8, 2, 4, '2025-05-14', 1),
(699, 1, 8, 2, 4, '2025-05-14', 1),
(700, 1, 8, 2, 4, '2025-05-14', 1),
(701, 1, 8, 2, 4, '2025-05-14', 1),
(702, 1, 8, 2, 4, '2025-05-14', 1),
(703, 1, 8, 2, 4, '2025-05-14', 1),
(704, 1, 8, 2, 4, '2025-05-14', 1),
(705, 1, 8, 2, 4, '2025-05-14', 1),
(706, 1, 8, 2, 4, '2025-05-14', 1),
(707, 1, 8, 2, 4, '2025-05-14', 1),
(708, 1, 8, 2, 4, '2025-05-14', 1),
(709, 1, 8, 2, 4, '2025-05-14', 1),
(710, 1, 8, 2, 4, '2025-05-14', 1),
(711, 1, 8, 2, 4, '2025-05-14', 1),
(712, 1, 8, 2, 4, '2025-05-14', 1),
(713, 1, 8, 2, 4, '2025-05-14', 1),
(714, 1, 8, 2, 4, '2025-05-14', 1),
(715, 1, 8, 2, 4, '2025-05-14', 1),
(716, 1, 8, 2, 4, '2025-05-14', 1),
(717, 1, 8, 2, 4, '2025-05-14', 1),
(718, 1, 8, 2, 4, '2025-05-14', 1),
(719, 1, 8, 2, 4, '2025-05-14', 1),
(720, 1, 8, 2, 4, '2025-05-14', 1),
(721, 1, 8, 2, 4, '2025-05-14', 1),
(722, 1, 8, 2, 4, '2025-05-14', 1),
(723, 1, 8, 2, 4, '2025-05-14', 1),
(724, 1, 8, 2, 4, '2025-05-14', 1),
(725, 1, 8, 2, 4, '2025-05-14', 1),
(726, 1, 8, 2, 4, '2025-05-14', 1),
(727, 1, 8, 2, 4, '2025-05-14', 1),
(728, 1, 8, 2, 4, '2025-05-14', 1),
(729, 1, 8, 2, 4, '2025-05-14', 1),
(730, 1, 8, 2, 4, '2025-05-14', 1),
(731, 1, 8, 2, 4, '2025-05-14', 1),
(732, 1, 8, 2, 4, '2025-05-14', 1),
(733, 1, 8, 2, 4, '2025-05-14', 1),
(734, 1, 8, 2, 4, '2025-05-14', 1),
(735, 1, 8, 2, 4, '2025-05-14', 1),
(736, 1, 8, 2, 4, '2025-05-14', 1),
(737, 1, 8, 2, 4, '2025-05-14', 1),
(738, 1, 8, 2, 4, '2025-05-14', 1),
(739, 1, 8, 2, 4, '2025-05-14', 1),
(740, 1, 8, 2, 4, '2025-05-14', 1),
(741, 1, 8, 2, 4, '2025-05-14', 1),
(742, 1, 8, 2, 4, '2025-05-14', 1),
(743, 1, 8, 2, 4, '2025-05-14', 1),
(744, 1, 8, 2, 4, '2025-05-14', 1),
(745, 1, 8, 2, 4, '2025-05-14', 1),
(746, 1, 8, 2, 4, '2025-05-14', 1),
(747, 1, 8, 2, 4, '2025-05-14', 1),
(748, 1, 8, 2, 4, '2025-05-14', 1),
(749, 1, 8, 2, 4, '2025-05-14', 1),
(750, 1, 8, 2, 4, '2025-05-14', 1),
(751, 1, 8, 2, 4, '2025-05-14', 1),
(752, 1, 8, 2, 4, '2025-05-14', 1),
(753, 1, 8, 2, 4, '2025-05-14', 1),
(754, 1, 8, 2, 4, '2025-05-14', 1),
(755, 1, 8, 2, 4, '2025-05-14', 1),
(756, 1, 8, 2, 4, '2025-05-14', 1),
(757, 1, 8, 2, 4, '2025-05-14', 1),
(758, 1, 8, 2, 4, '2025-05-14', 1),
(759, 1, 8, 2, 4, '2025-05-14', 1),
(760, 1, 8, 2, 4, '2025-05-14', 1),
(761, 1, 8, 2, 4, '2025-05-14', 1),
(762, 1, 8, 2, 4, '2025-05-14', 1),
(763, 1, 8, 2, 4, '2025-05-14', 1),
(764, 1, 8, 2, 4, '2025-05-14', 1),
(765, 1, 8, 2, 4, '2025-05-14', 1),
(766, 1, 8, 2, 4, '2025-05-14', 1),
(767, 1, 8, 2, 4, '2025-05-14', 1),
(768, 1, 8, 2, 4, '2025-05-14', 1),
(769, 1, 8, 2, 4, '2025-05-14', 1),
(770, 1, 8, 2, 4, '2025-05-14', 1),
(771, 1, 8, 2, 4, '2025-05-14', 1),
(772, 1, 8, 2, 4, '2025-05-14', 1),
(773, 1, 8, 2, 4, '2025-05-14', 1),
(774, 1, 8, 2, 4, '2025-05-14', 1),
(775, 1, 8, 2, 4, '2025-05-14', 1),
(776, 1, 8, 2, 4, '2025-05-14', 1),
(777, 1, 8, 2, 4, '2025-05-14', 1),
(778, 1, 8, 2, 4, '2025-05-14', 1),
(779, 1, 8, 2, 4, '2025-05-14', 1),
(780, 1, 8, 2, 4, '2025-05-14', 1),
(781, 1, 8, 2, 4, '2025-05-14', 1),
(782, 1, 8, 2, 4, '2025-05-14', 1),
(783, 1, 8, 2, 4, '2025-05-14', 1),
(784, 1, 8, 2, 4, '2025-05-14', 1),
(785, 1, 8, 2, 4, '2025-05-14', 1),
(786, 1, 8, 2, 4, '2025-05-14', 1),
(787, 1, 8, 2, 4, '2025-05-14', 1),
(788, 1, 8, 2, 4, '2025-05-14', 1),
(789, 1, 8, 2, 4, '2025-05-14', 1),
(790, 1, 8, 2, 4, '2025-05-14', 1),
(791, 1, 8, 2, 4, '2025-05-14', 1),
(792, 1, 8, 2, 4, '2025-05-14', 1),
(793, 1, 8, 2, 4, '2025-05-14', 1),
(794, 1, 8, 2, 4, '2025-05-14', 1),
(795, 1, 8, 2, 4, '2025-05-14', 1),
(796, 1, 8, 2, 4, '2025-05-14', 1),
(797, 1, 8, 2, 4, '2025-05-14', 1),
(798, 1, 8, 2, 4, '2025-05-14', 1),
(799, 1, 8, 2, 4, '2025-05-14', 1),
(800, 1, 8, 2, 4, '2025-05-14', 1),
(801, 1, 8, 2, 4, '2025-05-14', 1),
(802, 1, 8, 2, 4, '2025-05-14', 1),
(803, 1, 8, 2, 4, '2025-05-14', 1),
(804, 1, 8, 2, 4, '2025-05-14', 1),
(805, 1, 8, 2, 4, '2025-05-14', 1),
(806, 1, 8, 2, 4, '2025-05-14', 1),
(807, 1, 8, 2, 4, '2025-05-14', 1),
(808, 1, 8, 2, 4, '2025-05-14', 1),
(809, 1, 8, 2, 4, '2025-05-14', 1),
(810, 1, 8, 2, 4, '2025-05-14', 1),
(811, 1, 8, 2, 4, '2025-05-14', 1),
(812, 1, 8, 2, 4, '2025-05-14', 1),
(813, 1, 8, 2, 4, '2025-05-14', 1),
(814, 1, 8, 2, 4, '2025-05-14', 1),
(815, 1, 8, 2, 4, '2025-05-14', 1),
(816, 1, 8, 2, 4, '2025-05-14', 1),
(817, 1, 8, 2, 4, '2025-05-14', 1),
(818, 1, 8, 2, 4, '2025-05-14', 1),
(819, 1, 8, 2, 4, '2025-05-14', 1),
(820, 1, 8, 2, 4, '2025-05-14', 1),
(821, 1, 8, 2, 4, '2025-05-14', 1),
(822, 1, 8, 2, 4, '2025-05-14', 1),
(823, 1, 8, 2, 4, '2025-05-14', 1),
(824, 1, 8, 2, 4, '2025-05-14', 1),
(825, 1, 8, 2, 4, '2025-05-14', 1),
(826, 1, 8, 2, 4, '2025-05-14', 1),
(827, 1, 8, 2, 4, '2025-05-14', 1),
(828, 1, 8, 2, 4, '2025-05-14', 1),
(829, 1, 8, 2, 4, '2025-05-14', 1),
(830, 1, 8, 2, 4, '2025-05-14', 1),
(831, 1, 8, 2, 4, '2025-05-14', 1),
(832, 1, 8, 2, 4, '2025-05-14', 1),
(833, 1, 8, 2, 4, '2025-05-14', 1),
(834, 1, 8, 2, 4, '2025-05-14', 1),
(835, 1, 8, 2, 4, '2025-05-14', 1),
(836, 1, 8, 2, 4, '2025-05-14', 1),
(837, 1, 8, 2, 4, '2025-05-14', 1),
(838, 1, 8, 2, 4, '2025-05-14', 1),
(839, 1, 8, 2, 4, '2025-05-14', 1),
(840, 1, 8, 2, 4, '2025-05-14', 1),
(841, 1, 8, 2, 4, '2025-05-14', 1),
(842, 1, 8, 2, 4, '2025-05-14', 1),
(843, 1, 8, 2, 4, '2025-05-14', 1),
(844, 1, 8, 2, 4, '2025-05-14', 1),
(845, 1, 8, 2, 4, '2025-05-14', 1),
(846, 1, 8, 2, 4, '2025-05-14', 1),
(847, 1, 8, 2, 4, '2025-05-14', 1),
(848, 1, 8, 2, 4, '2025-05-14', 1),
(849, 1, 8, 2, 4, '2025-05-14', 1),
(850, 1, 8, 2, 4, '2025-05-14', 1),
(851, 1, 8, 2, 4, '2025-05-14', 1),
(852, 1, 8, 2, 4, '2025-05-14', 1),
(853, 1, 8, 2, 4, '2025-05-14', 1),
(854, 1, 8, 2, 4, '2025-05-14', 1),
(855, 1, 8, 2, 4, '2025-05-14', 1),
(856, 1, 8, 2, 4, '2025-05-14', 1),
(857, 1, 8, 2, 4, '2025-05-14', 1),
(858, 1, 8, 2, 4, '2025-05-14', 1),
(859, 1, 8, 2, 4, '2025-05-14', 1),
(860, 1, 8, 2, 4, '2025-05-14', 1),
(861, 1, 8, 2, 4, '2025-05-14', 1),
(862, 1, 8, 2, 4, '2025-05-14', 1),
(863, 1, 8, 2, 4, '2025-05-14', 1),
(864, 1, 8, 2, 4, '2025-05-14', 1),
(865, 1, 8, 2, 4, '2025-05-14', 1),
(866, 1, 8, 2, 4, '2025-05-14', 1),
(867, 1, 8, 2, 4, '2025-05-14', 1),
(868, 1, 8, 2, 4, '2025-05-14', 1),
(869, 1, 8, 2, 4, '2025-05-14', 1),
(870, 1, 8, 2, 4, '2025-05-14', 1),
(871, 1, 8, 2, 4, '2025-05-14', 1),
(872, 1, 8, 2, 4, '2025-05-14', 1),
(873, 1, 8, 2, 4, '2025-05-14', 1),
(874, 1, 8, 2, 4, '2025-05-14', 1),
(875, 1, 8, 2, 4, '2025-05-14', 1),
(876, 1, 8, 2, 4, '2025-05-14', 1),
(877, 1, 8, 2, 4, '2025-05-14', 1),
(878, 1, 8, 2, 4, '2025-05-14', 1),
(879, 1, 8, 2, 4, '2025-05-14', 1),
(880, 1, 8, 2, 4, '2025-05-14', 1),
(881, 1, 8, 2, 4, '2025-05-14', 1),
(882, 1, 8, 2, 4, '2025-05-14', 1),
(883, 1, 8, 2, 4, '2025-05-14', 1),
(884, 1, 8, 2, 4, '2025-05-14', 1),
(885, 1, 8, 2, 4, '2025-05-14', 1),
(886, 1, 8, 2, 4, '2025-05-14', 1),
(887, 1, 8, 2, 4, '2025-05-14', 1),
(888, 1, 8, 2, 4, '2025-05-14', 1),
(889, 1, 8, 2, 4, '2025-05-14', 1),
(890, 1, 8, 2, 4, '2025-05-14', 1),
(891, 1, 8, 2, 4, '2025-05-14', 1),
(892, 1, 8, 2, 4, '2025-05-14', 1),
(893, 1, 8, 2, 4, '2025-05-14', 1),
(894, 1, 8, 2, 4, '2025-05-14', 1),
(895, 1, 8, 2, 4, '2025-05-14', 1),
(896, 1, 8, 2, 4, '2025-05-14', 1),
(897, 1, 8, 2, 4, '2025-05-14', 1),
(898, 1, 8, 2, 4, '2025-05-14', 1),
(899, 1, 8, 2, 4, '2025-05-14', 1),
(900, 1, 8, 2, 4, '2025-05-14', 1),
(901, 1, 8, 2, 4, '2025-05-14', 1),
(902, 1, 8, 2, 4, '2025-05-14', 1),
(903, 1, 8, 2, 4, '2025-05-14', 1),
(904, 1, 8, 2, 4, '2025-05-14', 1),
(905, 1, 8, 2, 4, '2025-05-14', 1),
(906, 1, 8, 2, 4, '2025-05-14', 1),
(907, 1, 8, 2, 4, '2025-05-14', 1),
(908, 1, 8, 2, 4, '2025-05-14', 1),
(909, 1, 8, 2, 4, '2025-05-14', 1),
(910, 1, 8, 2, 4, '2025-05-14', 1),
(911, 1, 8, 2, 4, '2025-05-14', 1),
(912, 1, 8, 2, 4, '2025-05-14', 1),
(913, 1, 8, 2, 4, '2025-05-14', 1),
(914, 1, 8, 2, 4, '2025-05-14', 1),
(915, 1, 8, 2, 4, '2025-05-14', 1),
(916, 1, 8, 2, 4, '2025-05-14', 1),
(917, 1, 8, 2, 4, '2025-05-14', 1),
(918, 1, 8, 2, 4, '2025-05-14', 1),
(919, 1, 8, 2, 4, '2025-05-14', 1),
(920, 1, 8, 2, 4, '2025-05-14', 1),
(921, 1, 8, 2, 4, '2025-05-14', 1),
(922, 1, 8, 2, 4, '2025-05-14', 1),
(923, 1, 8, 2, 4, '2025-05-14', 1),
(924, 1, 8, 2, 4, '2025-05-14', 1),
(925, 1, 8, 2, 4, '2025-05-14', 1),
(926, 1, 8, 2, 4, '2025-05-14', 1),
(927, 1, 8, 2, 4, '2025-05-14', 1),
(928, 1, 8, 2, 4, '2025-05-14', 1),
(929, 1, 8, 2, 4, '2025-05-14', 1),
(930, 1, 8, 2, 4, '2025-05-14', 1),
(931, 1, 8, 2, 4, '2025-05-14', 1),
(932, 1, 8, 2, 4, '2025-05-14', 1),
(933, 1, 8, 2, 4, '2025-05-14', 1),
(934, 1, 8, 2, 4, '2025-05-14', 1),
(935, 1, 8, 2, 4, '2025-05-14', 1),
(936, 1, 8, 2, 4, '2025-05-14', 1),
(937, 1, 8, 2, 4, '2025-05-14', 1),
(938, 1, 8, 2, 4, '2025-05-14', 1),
(939, 1, 8, 2, 4, '2025-05-14', 1),
(940, 1, 8, 2, 4, '2025-05-14', 1),
(941, 1, 8, 2, 4, '2025-05-14', 1),
(942, 1, 8, 2, 4, '2025-05-14', 1),
(943, 1, 8, 2, 4, '2025-05-14', 1),
(944, 1, 8, 2, 4, '2025-05-14', 1),
(945, 1, 8, 2, 4, '2025-05-14', 1),
(946, 1, 8, 2, 4, '2025-05-14', 1),
(947, 1, 8, 2, 4, '2025-05-14', 1),
(948, 1, 8, 2, 4, '2025-05-14', 1),
(949, 1, 8, 2, 4, '2025-05-14', 1),
(950, 1, 8, 2, 4, '2025-05-14', 1),
(951, 1, 8, 2, 4, '2025-05-14', 1),
(952, 1, 8, 2, 4, '2025-05-14', 1),
(953, 1, 8, 2, 4, '2025-05-14', 1),
(954, 1, 8, 2, 4, '2025-05-14', 1),
(955, 1, 8, 2, 4, '2025-05-14', 1),
(956, 1, 8, 2, 4, '2025-05-14', 1),
(957, 1, 8, 2, 4, '2025-05-14', 1),
(958, 1, 8, 2, 4, '2025-05-14', 1),
(959, 1, 8, 2, 4, '2025-05-14', 1),
(960, 1, 8, 2, 4, '2025-05-14', 1),
(961, 1, 8, 2, 4, '2025-05-14', 1),
(962, 1, 8, 2, 4, '2025-05-14', 1),
(963, 1, 8, 2, 4, '2025-05-14', 1),
(964, 1, 8, 2, 4, '2025-05-14', 1),
(965, 1, 8, 2, 4, '2025-05-14', 1),
(966, 1, 8, 2, 4, '2025-05-14', 1),
(967, 1, 8, 2, 4, '2025-05-14', 1),
(968, 1, 8, 2, 4, '2025-05-14', 1),
(969, 1, 8, 2, 4, '2025-05-14', 1),
(970, 1, 8, 2, 4, '2025-05-14', 1),
(971, 1, 8, 2, 4, '2025-05-14', 1),
(972, 1, 8, 2, 4, '2025-05-14', 1),
(973, 1, 8, 2, 4, '2025-05-14', 1),
(974, 1, 8, 2, 4, '2025-05-14', 1),
(975, 1, 8, 2, 4, '2025-05-14', 1),
(976, 1, 8, 2, 4, '2025-05-14', 1),
(977, 1, 8, 2, 4, '2025-05-14', 1),
(978, 1, 8, 2, 4, '2025-05-14', 1),
(979, 1, 8, 2, 4, '2025-05-14', 1),
(980, 1, 8, 2, 4, '2025-05-14', 1),
(981, 1, 8, 2, 4, '2025-05-14', 1),
(982, 1, 8, 2, 4, '2025-05-14', 1),
(983, 1, 8, 2, 4, '2025-05-14', 1),
(984, 1, 8, 2, 4, '2025-05-14', 1),
(985, 1, 8, 2, 4, '2025-05-14', 1),
(986, 1, 8, 2, 4, '2025-05-14', 1),
(987, 1, 8, 2, 4, '2025-05-14', 1),
(988, 1, 8, 2, 4, '2025-05-14', 1),
(989, 1, 8, 2, 4, '2025-05-14', 1),
(990, 1, 8, 2, 4, '2025-05-14', 1),
(991, 1, 8, 2, 4, '2025-05-14', 1),
(992, 1, 8, 2, 4, '2025-05-14', 1),
(993, 1, 8, 2, 4, '2025-05-14', 1),
(994, 1, 8, 2, 4, '2025-05-14', 1),
(995, 1, 8, 2, 4, '2025-05-14', 1),
(996, 1, 8, 2, 4, '2025-05-14', 1),
(997, 1, 8, 2, 4, '2025-05-14', 1),
(998, 1, 8, 2, 4, '2025-05-14', 1),
(999, 1, 8, 2, 4, '2025-05-14', 1),
(1000, 1, 8, 2, 4, '2025-05-14', 1),
(1001, 1, 8, 2, 4, '2025-05-14', 1),
(1002, 1, 8, 2, 4, '2025-05-14', 1),
(1003, 1, 8, 2, 4, '2025-05-14', 1),
(1004, 1, 8, 2, 4, '2025-05-14', 1),
(1005, 1, 8, 2, 4, '2025-05-14', 1),
(1006, 1, 8, 2, 4, '2025-05-14', 1),
(1007, 1, 8, 2, 4, '2025-05-14', 1),
(1008, 1, 8, 2, 4, '2025-05-14', 1),
(1009, 1, 8, 2, 4, '2025-05-14', 1),
(1010, 1, 8, 2, 4, '2025-05-14', 1),
(1011, 1, 8, 2, 4, '2025-05-14', 1),
(1012, 1, 8, 2, 4, '2025-05-14', 1),
(1013, 1, 8, 2, 4, '2025-05-14', 1),
(1014, 1, 8, 2, 4, '2025-05-14', 1),
(1015, 1, 8, 2, 4, '2025-05-14', 1),
(1016, 1, 8, 2, 4, '2025-05-14', 1),
(1017, 1, 8, 2, 4, '2025-05-14', 1),
(1018, 1, 8, 2, 4, '2025-05-14', 1),
(1019, 1, 8, 2, 4, '2025-05-14', 1),
(1020, 1, 8, 2, 4, '2025-05-14', 1),
(1021, 1, 8, 2, 4, '2025-05-14', 1),
(1022, 1, 8, 2, 4, '2025-05-14', 1),
(1023, 1, 8, 2, 4, '2025-05-14', 1),
(1024, 1, 8, 2, 4, '2025-05-14', 1),
(1025, 1, 8, 2, 4, '2025-05-14', 1),
(1026, 1, 8, 2, 4, '2025-05-14', 1),
(1027, 1, 8, 2, 4, '2025-05-14', 1),
(1028, 1, 8, 2, 4, '2025-05-14', 1),
(1029, 1, 8, 2, 4, '2025-05-14', 1),
(1030, 1, 8, 2, 4, '2025-05-14', 1),
(1031, 1, 8, 2, 4, '2025-05-14', 1),
(1032, 1, 8, 2, 4, '2025-05-14', 1),
(1033, 1, 8, 2, 4, '2025-05-14', 1),
(1034, 1, 8, 2, 4, '2025-05-14', 1),
(1035, 1, 8, 2, 4, '2025-05-14', 1),
(1036, 1, 8, 2, 4, '2025-05-14', 1),
(1037, 1, 8, 2, 4, '2025-05-14', 1),
(1038, 1, 8, 2, 4, '2025-05-14', 1),
(1039, 1, 8, 2, 4, '2025-05-14', 1),
(1040, 1, 8, 2, 4, '2025-05-14', 1),
(1041, 1, 8, 2, 4, '2025-05-14', 1),
(1042, 1, 8, 2, 4, '2025-05-14', 1),
(1043, 1, 8, 2, 4, '2025-05-14', 1),
(1044, 1, 8, 2, 4, '2025-05-14', 1),
(1045, 1, 8, 2, 4, '2025-05-14', 1),
(1046, 1, 8, 2, 4, '2025-05-14', 1),
(1047, 1, 8, 2, 4, '2025-05-14', 1),
(1048, 1, 8, 2, 4, '2025-05-14', 1),
(1049, 1, 8, 2, 4, '2025-05-14', 1),
(1050, 1, 8, 2, 4, '2025-05-14', 1),
(1051, 1, 8, 2, 4, '2025-05-14', 1),
(1052, 1, 8, 2, 4, '2025-05-14', 1),
(1053, 1, 8, 2, 4, '2025-05-14', 1),
(1054, 1, 8, 2, 4, '2025-05-14', 1),
(1055, 1, 8, 2, 4, '2025-05-14', 1),
(1056, 1, 8, 2, 4, '2025-05-14', 1),
(1057, 1, 8, 2, 4, '2025-05-14', 1),
(1058, 1, 8, 2, 4, '2025-05-14', 1),
(1059, 1, 8, 2, 4, '2025-05-14', 1),
(1060, 1, 8, 2, 4, '2025-05-14', 1),
(1061, 1, 8, 2, 4, '2025-05-14', 1),
(1062, 1, 8, 2, 4, '2025-05-14', 1),
(1063, 1, 8, 2, 4, '2025-05-14', 1),
(1064, 1, 8, 2, 4, '2025-05-14', 1),
(1065, 1, 8, 2, 4, '2025-05-14', 1),
(1066, 1, 8, 2, 4, '2025-05-14', 1),
(1067, 1, 8, 2, 4, '2025-05-14', 1),
(1068, 1, 8, 2, 4, '2025-05-14', 1),
(1069, 1, 8, 2, 4, '2025-05-14', 1),
(1070, 1, 8, 2, 4, '2025-05-14', 1),
(1071, 1, 8, 2, 4, '2025-05-14', 1),
(1072, 1, 8, 2, 4, '2025-05-14', 1),
(1073, 1, 8, 2, 4, '2025-05-14', 1),
(1074, 1, 8, 2, 4, '2025-05-14', 1),
(1075, 1, 8, 2, 4, '2025-05-14', 1),
(1076, 1, 8, 2, 4, '2025-05-14', 1),
(1077, 1, 8, 2, 4, '2025-05-14', 1),
(1078, 1, 8, 2, 4, '2025-05-14', 1),
(1079, 1, 8, 2, 4, '2025-05-14', 1),
(1080, 1, 8, 2, 4, '2025-05-14', 1),
(1081, 1, 8, 2, 4, '2025-05-14', 1),
(1082, 1, 8, 2, 4, '2025-05-14', 1),
(1083, 1, 8, 2, 4, '2025-05-14', 1),
(1084, 1, 8, 2, 4, '2025-05-14', 1),
(1085, 1, 8, 2, 4, '2025-05-14', 1),
(1086, 1, 8, 2, 4, '2025-05-14', 1),
(1087, 1, 8, 2, 4, '2025-05-14', 1),
(1088, 1, 8, 2, 4, '2025-05-14', 1),
(1089, 1, 8, 2, 4, '2025-05-14', 1),
(1090, 1, 8, 2, 4, '2025-05-14', 1),
(1091, 1, 8, 2, 4, '2025-05-14', 1),
(1092, 1, 8, 2, 4, '2025-05-14', 1),
(1093, 1, 8, 2, 4, '2025-05-14', 1),
(1094, 1, 8, 2, 4, '2025-05-14', 1),
(1095, 1, 8, 2, 4, '2025-05-14', 1),
(1096, 1, 8, 2, 4, '2025-05-14', 1),
(1097, 1, 8, 2, 4, '2025-05-14', 1),
(1098, 1, 8, 2, 4, '2025-05-14', 1),
(1099, 1, 8, 2, 4, '2025-05-14', 1),
(1100, 1, 8, 2, 4, '2025-05-14', 1),
(1101, 1, 8, 2, 4, '2025-05-14', 1),
(1102, 1, 8, 2, 4, '2025-05-14', 1),
(1103, 1, 8, 2, 4, '2025-05-14', 1),
(1104, 1, 8, 2, 4, '2025-05-14', 1),
(1105, 1, 8, 2, 4, '2025-05-14', 1),
(1106, 1, 8, 2, 4, '2025-05-14', 1),
(1107, 1, 8, 2, 4, '2025-05-14', 1),
(1108, 1, 8, 2, 4, '2025-05-14', 1),
(1109, 1, 8, 2, 4, '2025-05-14', 1),
(1110, 1, 8, 2, 4, '2025-05-14', 1),
(1111, 1, 8, 2, 4, '2025-05-14', 1),
(1112, 1, 8, 2, 4, '2025-05-14', 1),
(1113, 1, 8, 2, 4, '2025-05-14', 1),
(1114, 1, 8, 2, 4, '2025-05-14', 1),
(1115, 1, 8, 2, 4, '2025-05-14', 1),
(1116, 1, 8, 2, 4, '2025-05-14', 1),
(1117, 1, 8, 2, 4, '2025-05-14', 1),
(1118, 1, 8, 2, 4, '2025-05-14', 1),
(1119, 1, 8, 2, 4, '2025-05-14', 1),
(1120, 1, 8, 2, 4, '2025-05-14', 1),
(1121, 1, 8, 2, 4, '2025-05-14', 1),
(1122, 1, 8, 2, 4, '2025-05-14', 1),
(1123, 1, 8, 2, 4, '2025-05-14', 1),
(1124, 1, 8, 2, 4, '2025-05-14', 1),
(1125, 1, 8, 2, 4, '2025-05-14', 1),
(1126, 1, 8, 2, 4, '2025-05-14', 1),
(1127, 1, 8, 2, 4, '2025-05-14', 1),
(1128, 1, 8, 2, 4, '2025-05-14', 1),
(1129, 1, 8, 2, 4, '2025-05-14', 1),
(1130, 1, 8, 2, 4, '2025-05-14', 1),
(1131, 1, 8, 2, 4, '2025-05-14', 1),
(1132, 1, 8, 2, 4, '2025-05-14', 1),
(1133, 1, 8, 2, 4, '2025-05-14', 1),
(1134, 1, 8, 2, 4, '2025-05-14', 1),
(1135, 1, 8, 2, 4, '2025-05-14', 1),
(1136, 1, 8, 2, 4, '2025-05-14', 1),
(1137, 1, 8, 2, 4, '2025-05-14', 1),
(1138, 1, 8, 2, 4, '2025-05-14', 1),
(1139, 1, 8, 2, 4, '2025-05-14', 1),
(1140, 1, 8, 2, 4, '2025-05-14', 1),
(1141, 1, 8, 2, 4, '2025-05-14', 1),
(1142, 1, 8, 2, 4, '2025-05-14', 1),
(1143, 1, 8, 2, 4, '2025-05-14', 1),
(1144, 1, 8, 2, 4, '2025-05-14', 1),
(1145, 1, 8, 2, 4, '2025-05-14', 1),
(1146, 1, 8, 2, 4, '2025-05-14', 1),
(1147, 1, 8, 2, 4, '2025-05-14', 1),
(1148, 1, 8, 2, 4, '2025-05-14', 1),
(1149, 1, 8, 2, 4, '2025-05-14', 1),
(1150, 1, 8, 2, 4, '2025-05-14', 1),
(1151, 1, 8, 2, 4, '2025-05-14', 1),
(1152, 1, 8, 2, 4, '2025-05-14', 1),
(1153, 1, 8, 2, 4, '2025-05-14', 1),
(1154, 1, 8, 2, 4, '2025-05-14', 1),
(1155, 1, 8, 2, 4, '2025-05-14', 1),
(1156, 1, 8, 2, 4, '2025-05-14', 1),
(1157, 1, 8, 2, 4, '2025-05-14', 1),
(1158, 1, 8, 2, 4, '2025-05-14', 1),
(1159, 1, 8, 2, 4, '2025-05-14', 1),
(1160, 1, 8, 2, 4, '2025-05-14', 1),
(1161, 1, 8, 2, 4, '2025-05-14', 1),
(1162, 1, 8, 2, 4, '2025-05-14', 1),
(1163, 1, 8, 2, 4, '2025-05-14', 1),
(1164, 1, 8, 2, 4, '2025-05-14', 1),
(1165, 1, 8, 2, 4, '2025-05-14', 1),
(1166, 1, 8, 2, 4, '2025-05-14', 1),
(1167, 1, 8, 2, 4, '2025-05-14', 1),
(1168, 1, 8, 2, 4, '2025-05-14', 1),
(1169, 1, 8, 2, 4, '2025-05-14', 1),
(1170, 1, 8, 2, 4, '2025-05-14', 1),
(1171, 1, 8, 2, 4, '2025-05-14', 1),
(1172, 1, 8, 2, 4, '2025-05-14', 1),
(1173, 1, 8, 2, 4, '2025-05-14', 1),
(1174, 1, 8, 2, 4, '2025-05-14', 1),
(1175, 1, 8, 2, 4, '2025-05-14', 1),
(1176, 1, 8, 2, 4, '2025-05-14', 1),
(1177, 1, 8, 2, 4, '2025-05-14', 1),
(1178, 1, 8, 2, 4, '2025-05-14', 1),
(1179, 1, 8, 2, 4, '2025-05-14', 1),
(1180, 1, 8, 2, 4, '2025-05-14', 1),
(1181, 1, 8, 2, 4, '2025-05-14', 1),
(1182, 1, 8, 2, 4, '2025-05-14', 1),
(1183, 1, 8, 2, 4, '2025-05-14', 1),
(1184, 1, 8, 2, 4, '2025-05-14', 1),
(1185, 1, 8, 2, 4, '2025-05-14', 1),
(1186, 1, 8, 2, 4, '2025-05-14', 1),
(1187, 1, 8, 2, 4, '2025-05-14', 1),
(1188, 1, 8, 2, 4, '2025-05-14', 1),
(1189, 1, 8, 2, 4, '2025-05-14', 1),
(1190, 1, 8, 2, 4, '2025-05-14', 1),
(1191, 1, 8, 2, 4, '2025-05-14', 1),
(1192, 1, 8, 2, 4, '2025-05-14', 1),
(1193, 1, 8, 2, 4, '2025-05-14', 1),
(1194, 1, 8, 2, 4, '2025-05-14', 1),
(1195, 1, 8, 2, 4, '2025-05-14', 1),
(1196, 1, 8, 2, 4, '2025-05-14', 1),
(1197, 1, 8, 2, 4, '2025-05-14', 1),
(1198, 1, 8, 2, 4, '2025-05-14', 1),
(1199, 1, 8, 2, 4, '2025-05-14', 1),
(1200, 1, 8, 2, 4, '2025-05-14', 1),
(1201, 1, 8, 2, 4, '2025-05-14', 1),
(1202, 1, 8, 2, 4, '2025-05-14', 1),
(1203, 1, 8, 2, 4, '2025-05-14', 1),
(1204, 1, 8, 2, 4, '2025-05-14', 1),
(1205, 1, 8, 2, 4, '2025-05-14', 1),
(1206, 1, 8, 2, 4, '2025-05-14', 1),
(1207, 1, 8, 2, 4, '2025-05-14', 1),
(1208, 1, 8, 2, 4, '2025-05-14', 1),
(1209, 1, 8, 2, 4, '2025-05-14', 1),
(1210, 1, 8, 2, 4, '2025-05-14', 1),
(1211, 1, 8, 2, 4, '2025-05-14', 1),
(1212, 1, 8, 2, 4, '2025-05-14', 1),
(1213, 1, 8, 2, 4, '2025-05-14', 1),
(1214, 1, 8, 2, 4, '2025-05-14', 1),
(1215, 1, 8, 2, 4, '2025-05-14', 1),
(1216, 1, 8, 2, 4, '2025-05-14', 1),
(1217, 1, 8, 2, 4, '2025-05-14', 1),
(1218, 1, 8, 2, 4, '2025-05-14', 1),
(1219, 1, 8, 2, 4, '2025-05-14', 1),
(1220, 1, 8, 2, 4, '2025-05-14', 1),
(1221, 1, 8, 2, 4, '2025-05-14', 1),
(1222, 1, 8, 2, 4, '2025-05-14', 1),
(1223, 1, 8, 2, 4, '2025-05-14', 1),
(1224, 1, 8, 2, 4, '2025-05-14', 1),
(1225, 1, 8, 2, 4, '2025-05-14', 1),
(1226, 1, 8, 2, 4, '2025-05-14', 1),
(1227, 1, 8, 2, 4, '2025-05-14', 1),
(1228, 1, 8, 2, 4, '2025-05-14', 1),
(1229, 1, 8, 2, 4, '2025-05-14', 1),
(1230, 1, 8, 2, 4, '2025-05-14', 1),
(1231, 1, 8, 2, 4, '2025-05-14', 1),
(1232, 1, 8, 2, 4, '2025-05-14', 1),
(1233, 1, 8, 2, 4, '2025-05-14', 1),
(1234, 1, 8, 2, 4, '2025-05-14', 1),
(1235, 1, 8, 2, 4, '2025-05-14', 1),
(1236, 1, 8, 2, 4, '2025-05-14', 1),
(1237, 1, 8, 2, 4, '2025-05-14', 1),
(1238, 1, 8, 2, 4, '2025-05-14', 1),
(1239, 1, 8, 2, 4, '2025-05-14', 1),
(1240, 1, 8, 2, 4, '2025-05-14', 1),
(1241, 1, 8, 2, 4, '2025-05-14', 1),
(1242, 1, 8, 2, 4, '2025-05-14', 1),
(1243, 1, 8, 2, 4, '2025-05-14', 1),
(1244, 1, 8, 2, 4, '2025-05-14', 1),
(1245, 1, 8, 2, 4, '2025-05-14', 1),
(1246, 1, 8, 2, 4, '2025-05-14', 1),
(1247, 1, 8, 2, 4, '2025-05-14', 1),
(1248, 1, 8, 2, 4, '2025-05-14', 1),
(1249, 1, 8, 2, 4, '2025-05-14', 1),
(1250, 1, 8, 2, 4, '2025-05-14', 1),
(1251, 1, 8, 2, 4, '2025-05-14', 1),
(1252, 1, 8, 2, 4, '2025-05-14', 1),
(1253, 1, 8, 2, 4, '2025-05-14', 1),
(1254, 1, 8, 2, 4, '2025-05-14', 1),
(1255, 1, 8, 2, 4, '2025-05-14', 1),
(1256, 1, 8, 2, 4, '2025-05-14', 1),
(1257, 1, 8, 2, 4, '2025-05-14', 1),
(1258, 1, 8, 2, 4, '2025-05-14', 1),
(1259, 1, 8, 2, 4, '2025-05-14', 1),
(1260, 1, 8, 2, 4, '2025-05-14', 1),
(1261, 1, 8, 2, 4, '2025-05-14', 1),
(1262, 1, 8, 2, 4, '2025-05-14', 1),
(1263, 1, 8, 2, 4, '2025-05-14', 1),
(1264, 1, 8, 2, 4, '2025-05-14', 1),
(1265, 1, 8, 2, 4, '2025-05-14', 1),
(1266, 1, 8, 2, 4, '2025-05-14', 1),
(1267, 1, 8, 2, 4, '2025-05-14', 1),
(1268, 1, 8, 2, 4, '2025-05-14', 1),
(1269, 1, 8, 2, 4, '2025-05-14', 1),
(1270, 1, 8, 2, 4, '2025-05-14', 1),
(1271, 1, 8, 2, 4, '2025-05-14', 1),
(1272, 1, 8, 2, 4, '2025-05-14', 1),
(1273, 1, 8, 2, 4, '2025-05-14', 1),
(1274, 1, 8, 2, 4, '2025-05-14', 1),
(1275, 1, 8, 2, 4, '2025-05-14', 1),
(1276, 1, 8, 2, 4, '2025-05-14', 1),
(1277, 1, 8, 2, 4, '2025-05-14', 1),
(1278, 1, 8, 2, 4, '2025-05-14', 1),
(1279, 1, 8, 2, 4, '2025-05-14', 1),
(1280, 1, 8, 2, 4, '2025-05-14', 1),
(1281, 1, 8, 2, 4, '2025-05-14', 1),
(1282, 1, 8, 2, 4, '2025-05-14', 1),
(1283, 1, 8, 2, 4, '2025-05-14', 1),
(1284, 1, 8, 2, 4, '2025-05-14', 1),
(1285, 1, 8, 2, 4, '2025-05-14', 1),
(1286, 1, 8, 2, 4, '2025-05-14', 1),
(1287, 1, 8, 2, 4, '2025-05-14', 1),
(1288, 1, 8, 2, 4, '2025-05-14', 1),
(1289, 1, 8, 2, 4, '2025-05-14', 1),
(1290, 1, 8, 2, 4, '2025-05-14', 1),
(1291, 1, 8, 2, 4, '2025-05-14', 1),
(1292, 1, 8, 2, 4, '2025-05-14', 1),
(1293, 1, 8, 2, 4, '2025-05-14', 1),
(1294, 1, 8, 2, 4, '2025-05-14', 1),
(1295, 1, 8, 2, 4, '2025-05-14', 1),
(1296, 1, 8, 2, 4, '2025-05-14', 1),
(1297, 1, 8, 2, 4, '2025-05-14', 1),
(1298, 1, 8, 2, 4, '2025-05-14', 1),
(1299, 1, 8, 2, 4, '2025-05-14', 1),
(1300, 1, 8, 2, 4, '2025-05-14', 1),
(1301, 1, 8, 2, 4, '2025-05-14', 1),
(1302, 1, 8, 2, 4, '2025-05-14', 1),
(1303, 1, 8, 2, 4, '2025-05-14', 1),
(1304, 1, 8, 2, 4, '2025-05-14', 1),
(1305, 1, 8, 2, 4, '2025-05-14', 1),
(1306, 1, 8, 2, 4, '2025-05-14', 1),
(1307, 1, 8, 2, 4, '2025-05-14', 1),
(1308, 1, 8, 2, 4, '2025-05-14', 1),
(1309, 1, 8, 2, 4, '2025-05-14', 1),
(1310, 1, 8, 2, 4, '2025-05-14', 1),
(1311, 1, 8, 2, 4, '2025-05-14', 1),
(1312, 1, 8, 2, 4, '2025-05-14', 1),
(1313, 1, 8, 2, 4, '2025-05-14', 1),
(1314, 1, 8, 2, 4, '2025-05-14', 1),
(1315, 1, 8, 2, 4, '2025-05-14', 1),
(1316, 1, 8, 2, 4, '2025-05-14', 1),
(1317, 1, 8, 2, 4, '2025-05-14', 1),
(1318, 1, 8, 2, 4, '2025-05-14', 1),
(1319, 1, 8, 2, 4, '2025-05-14', 1),
(1320, 1, 8, 2, 4, '2025-05-14', 1),
(1321, 1, 8, 2, 4, '2025-05-14', 1),
(1322, 1, 8, 2, 4, '2025-05-14', 1),
(1323, 1, 8, 2, 4, '2025-05-14', 1),
(1324, 1, 8, 2, 4, '2025-05-14', 1),
(1325, 1, 8, 2, 4, '2025-05-14', 1),
(1326, 1, 8, 2, 4, '2025-05-14', 1),
(1327, 1, 8, 2, 4, '2025-05-14', 1),
(1328, 1, 8, 2, 4, '2025-05-14', 1),
(1329, 1, 8, 2, 4, '2025-05-14', 1),
(1330, 1, 8, 2, 4, '2025-05-14', 1),
(1331, 1, 8, 2, 4, '2025-05-14', 1),
(1332, 1, 8, 2, 4, '2025-05-14', 1),
(1333, 1, 8, 2, 4, '2025-05-14', 1),
(1334, 1, 8, 2, 4, '2025-05-14', 1),
(1335, 1, 8, 2, 4, '2025-05-14', 1),
(1336, 1, 8, 2, 4, '2025-05-14', 1),
(1337, 1, 8, 2, 4, '2025-05-14', 1),
(1338, 1, 8, 2, 4, '2025-05-14', 1),
(1339, 1, 8, 2, 4, '2025-05-14', 1),
(1340, 1, 8, 2, 4, '2025-05-14', 1),
(1341, 1, 8, 2, 4, '2025-05-14', 1),
(1342, 1, 8, 2, 4, '2025-05-14', 1),
(1343, 1, 8, 2, 4, '2025-05-14', 1),
(1344, 1, 8, 2, 4, '2025-05-14', 1),
(1345, 1, 8, 2, 4, '2025-05-14', 1),
(1346, 1, 8, 2, 4, '2025-05-14', 1),
(1347, 1, 8, 2, 4, '2025-05-14', 1),
(1348, 1, 8, 2, 4, '2025-05-14', 1),
(1349, 1, 8, 2, 4, '2025-05-14', 1),
(1350, 1, 8, 2, 4, '2025-05-14', 1),
(1351, 1, 8, 2, 4, '2025-05-14', 1),
(1352, 1, 8, 2, 4, '2025-05-14', 1),
(1353, 1, 8, 2, 4, '2025-05-14', 1),
(1354, 1, 8, 2, 4, '2025-05-14', 1),
(1355, 1, 8, 2, 4, '2025-05-14', 1),
(1356, 1, 8, 2, 4, '2025-05-14', 1),
(1357, 1, 8, 2, 4, '2025-05-14', 1),
(1358, 1, 8, 2, 4, '2025-05-14', 1),
(1359, 1, 8, 2, 4, '2025-05-14', 1),
(1360, 1, 8, 2, 4, '2025-05-14', 1),
(1361, 1, 8, 2, 4, '2025-05-14', 1),
(1362, 1, 8, 2, 4, '2025-05-14', 1),
(1363, 1, 8, 2, 4, '2025-05-14', 1),
(1364, 1, 8, 2, 4, '2025-05-14', 1),
(1365, 1, 8, 2, 4, '2025-05-14', 1),
(1366, 1, 8, 2, 4, '2025-05-14', 1),
(1367, 1, 8, 2, 4, '2025-05-14', 1),
(1368, 1, 8, 2, 4, '2025-05-14', 1),
(1369, 1, 8, 2, 4, '2025-05-14', 1),
(1370, 1, 8, 2, 4, '2025-05-14', 1),
(1371, 1, 8, 2, 4, '2025-05-14', 1),
(1372, 1, 8, 2, 4, '2025-05-14', 1),
(1373, 1, 8, 2, 4, '2025-05-14', 1),
(1374, 1, 8, 2, 4, '2025-05-14', 1),
(1375, 1, 8, 2, 4, '2025-05-14', 1),
(1376, 1, 8, 2, 4, '2025-05-14', 1),
(1377, 1, 8, 2, 4, '2025-05-14', 1),
(1378, 1, 8, 2, 4, '2025-05-14', 1),
(1379, 1, 8, 2, 4, '2025-05-14', 1),
(1380, 1, 8, 2, 4, '2025-05-14', 1),
(1381, 1, 8, 2, 4, '2025-05-14', 1),
(1382, 1, 8, 2, 4, '2025-05-14', 1),
(1383, 1, 8, 2, 4, '2025-05-14', 1),
(1384, 1, 8, 2, 4, '2025-05-14', 1),
(1385, 1, 8, 2, 4, '2025-05-14', 1),
(1386, 1, 8, 2, 4, '2025-05-14', 1),
(1387, 1, 8, 2, 4, '2025-05-14', 1),
(1388, 1, 8, 2, 4, '2025-05-14', 1),
(1389, 1, 8, 2, 4, '2025-05-14', 1),
(1390, 1, 8, 2, 4, '2025-05-14', 1),
(1391, 1, 8, 2, 4, '2025-05-14', 1),
(1392, 1, 8, 2, 4, '2025-05-14', 1),
(1393, 1, 8, 2, 4, '2025-05-14', 1),
(1394, 1, 8, 2, 4, '2025-05-14', 1),
(1395, 1, 8, 2, 4, '2025-05-14', 1),
(1396, 1, 8, 2, 4, '2025-05-14', 1),
(1397, 1, 8, 2, 4, '2025-05-14', 1),
(1398, 1, 8, 2, 4, '2025-05-14', 1),
(1399, 1, 8, 2, 4, '2025-05-14', 1),
(1400, 1, 8, 2, 4, '2025-05-14', 1),
(1401, 1, 8, 2, 4, '2025-05-14', 1),
(1402, 1, 8, 2, 4, '2025-05-14', 1),
(1403, 1, 8, 2, 4, '2025-05-14', 1),
(1404, 1, 8, 2, 4, '2025-05-14', 1),
(1405, 1, 8, 2, 4, '2025-05-14', 1),
(1406, 1, 8, 2, 4, '2025-05-14', 1),
(1407, 1, 8, 2, 4, '2025-05-14', 1),
(1408, 1, 8, 2, 4, '2025-05-14', 1),
(1409, 1, 8, 2, 4, '2025-05-14', 1),
(1410, 1, 8, 2, 4, '2025-05-14', 1),
(1411, 1, 8, 2, 4, '2025-05-14', 1),
(1412, 1, 8, 2, 4, '2025-05-14', 1),
(1413, 1, 8, 2, 4, '2025-05-14', 1),
(1414, 1, 8, 2, 4, '2025-05-14', 1),
(1415, 1, 8, 2, 4, '2025-05-14', 1),
(1416, 1, 8, 2, 4, '2025-05-14', 1),
(1417, 1, 8, 2, 4, '2025-05-14', 1),
(1418, 1, 8, 2, 4, '2025-05-14', 1),
(1419, 1, 8, 2, 4, '2025-05-14', 1),
(1420, 1, 8, 2, 4, '2025-05-14', 1),
(1421, 1, 8, 2, 4, '2025-05-14', 1),
(1422, 1, 8, 2, 4, '2025-05-14', 1),
(1423, 1, 8, 2, 4, '2025-05-14', 1),
(1424, 1, 8, 2, 4, '2025-05-14', 1),
(1425, 1, 8, 2, 4, '2025-05-14', 1),
(1426, 1, 8, 2, 4, '2025-05-14', 1),
(1427, 1, 8, 2, 4, '2025-05-14', 1),
(1428, 1, 8, 2, 4, '2025-05-14', 1),
(1429, 1, 8, 2, 4, '2025-05-14', 1),
(1430, 1, 8, 2, 4, '2025-05-14', 1),
(1431, 1, 8, 2, 4, '2025-05-14', 1),
(1432, 1, 8, 2, 4, '2025-05-14', 1),
(1433, 1, 8, 2, 4, '2025-05-14', 1),
(1434, 1, 8, 2, 4, '2025-05-14', 1),
(1435, 1, 8, 2, 4, '2025-05-14', 1),
(1436, 1, 8, 2, 4, '2025-05-14', 1),
(1437, 1, 8, 2, 4, '2025-05-14', 1),
(1438, 1, 8, 2, 4, '2025-05-14', 1),
(1439, 1, 8, 2, 4, '2025-05-14', 1),
(1440, 1, 8, 2, 4, '2025-05-14', 1),
(1441, 1, 8, 2, 4, '2025-05-14', 1),
(1442, 1, 8, 2, 4, '2025-05-14', 1),
(1443, 1, 8, 2, 4, '2025-05-14', 1),
(1444, 1, 8, 2, 4, '2025-05-14', 1),
(1445, 1, 8, 2, 4, '2025-05-14', 1),
(1446, 1, 8, 2, 4, '2025-05-14', 1),
(1447, 1, 8, 2, 4, '2025-05-14', 1),
(1448, 1, 8, 2, 4, '2025-05-14', 1),
(1449, 1, 8, 2, 4, '2025-05-14', 1),
(1450, 1, 8, 2, 4, '2025-05-14', 1),
(1451, 1, 8, 2, 4, '2025-05-14', 1),
(1452, 1, 8, 2, 4, '2025-05-14', 1),
(1453, 1, 8, 2, 4, '2025-05-14', 1),
(1454, 1, 8, 2, 4, '2025-05-14', 1),
(1455, 1, 8, 2, 4, '2025-05-14', 1),
(1456, 1, 8, 2, 4, '2025-05-14', 1),
(1457, 1, 8, 2, 4, '2025-05-14', 1),
(1458, 1, 8, 2, 4, '2025-05-14', 1),
(1459, 1, 8, 2, 4, '2025-05-14', 1),
(1460, 1, 8, 2, 4, '2025-05-14', 1),
(1461, 1, 8, 2, 4, '2025-05-14', 1),
(1462, 1, 8, 2, 4, '2025-05-14', 1),
(1463, 1, 8, 2, 4, '2025-05-14', 1),
(1464, 1, 8, 2, 4, '2025-05-14', 1),
(1465, 1, 8, 2, 4, '2025-05-14', 1),
(1466, 1, 8, 2, 4, '2025-05-14', 1),
(1467, 1, 8, 2, 4, '2025-05-14', 1),
(1468, 1, 8, 2, 4, '2025-05-14', 1),
(1469, 1, 8, 2, 4, '2025-05-14', 1),
(1470, 1, 8, 2, 4, '2025-05-14', 1),
(1471, 1, 8, 2, 4, '2025-05-14', 1),
(1472, 1, 8, 2, 4, '2025-05-14', 1),
(1473, 1, 8, 2, 4, '2025-05-14', 1),
(1474, 1, 8, 2, 4, '2025-05-14', 1),
(1475, 1, 8, 2, 4, '2025-05-14', 1),
(1476, 1, 8, 2, 4, '2025-05-14', 1),
(1477, 1, 8, 2, 4, '2025-05-14', 1),
(1478, 1, 8, 2, 4, '2025-05-14', 1),
(1479, 1, 8, 2, 4, '2025-05-14', 1),
(1480, 1, 8, 2, 4, '2025-05-14', 1),
(1481, 1, 8, 2, 4, '2025-05-14', 1),
(1482, 1, 8, 2, 4, '2025-05-14', 1),
(1483, 1, 8, 2, 4, '2025-05-14', 1),
(1484, 1, 8, 2, 4, '2025-05-14', 1),
(1485, 1, 8, 2, 4, '2025-05-14', 1),
(1486, 1, 8, 2, 4, '2025-05-14', 1),
(1487, 1, 8, 2, 4, '2025-05-14', 1),
(1488, 1, 8, 2, 4, '2025-05-14', 1),
(1489, 1, 8, 2, 4, '2025-05-14', 1),
(1490, 1, 8, 2, 4, '2025-05-14', 1),
(1491, 1, 8, 2, 4, '2025-05-14', 1),
(1492, 1, 8, 2, 4, '2025-05-14', 1),
(1493, 1, 8, 2, 4, '2025-05-14', 1),
(1494, 1, 8, 2, 4, '2025-05-14', 1),
(1495, 1, 8, 2, 4, '2025-05-14', 1),
(1496, 1, 8, 2, 4, '2025-05-14', 1),
(1497, 1, 8, 2, 4, '2025-05-14', 1),
(1498, 1, 8, 2, 4, '2025-05-14', 1),
(1499, 1, 8, 2, 4, '2025-05-14', 1),
(1500, 1, 8, 2, 4, '2025-05-14', 1),
(1501, 1, 8, 2, 4, '2025-05-14', 1),
(1502, 1, 8, 2, 4, '2025-05-14', 1),
(1503, 1, 8, 2, 4, '2025-05-14', 1),
(1504, 1, 8, 2, 4, '2025-05-14', 1),
(1505, 1, 8, 2, 4, '2025-05-14', 1),
(1506, 1, 8, 2, 4, '2025-05-14', 1),
(1507, 1, 8, 2, 4, '2025-05-14', 1),
(1508, 1, 8, 2, 4, '2025-05-14', 1),
(1509, 1, 8, 2, 4, '2025-05-14', 1),
(1510, 1, 8, 2, 4, '2025-05-14', 1);
INSERT INTO `aplicacao` (`id_aplica`, `id_usuario`, `id_posto`, `id_medico`, `id_vaci`, `data_aplica`, `dose_aplicad`) VALUES
(1511, 1, 8, 2, 4, '2025-05-14', 1),
(1512, 1, 8, 2, 4, '2025-05-14', 1),
(1513, 1, 8, 2, 4, '2025-05-14', 1),
(1514, 1, 8, 2, 4, '2025-05-14', 1),
(1515, 1, 8, 2, 4, '2025-05-14', 1),
(1516, 1, 8, 2, 4, '2025-05-14', 1),
(1517, 1, 8, 2, 4, '2025-05-14', 1),
(1518, 1, 8, 2, 4, '2025-05-14', 1),
(1519, 1, 8, 2, 4, '2025-05-14', 1),
(1520, 1, 8, 2, 4, '2025-05-14', 1),
(1521, 1, 8, 2, 4, '2025-05-14', 1),
(1522, 1, 8, 2, 4, '2025-05-14', 1),
(1523, 1, 8, 2, 4, '2025-05-14', 1),
(1524, 1, 8, 2, 4, '2025-05-14', 1),
(1525, 1, 8, 2, 4, '2025-05-14', 1),
(1526, 1, 8, 2, 4, '2025-05-14', 1),
(1527, 1, 8, 2, 4, '2025-05-14', 1),
(1528, 1, 8, 2, 4, '2025-05-14', 1),
(1529, 1, 8, 2, 4, '2025-05-14', 1),
(1530, 1, 8, 2, 4, '2025-05-14', 1),
(1531, 1, 8, 2, 4, '2025-05-14', 1),
(1532, 1, 8, 2, 4, '2025-05-14', 1),
(1533, 1, 8, 2, 4, '2025-05-14', 1),
(1534, 1, 8, 2, 4, '2025-05-14', 1),
(1535, 1, 8, 2, 4, '2025-05-14', 1),
(1536, 1, 8, 2, 4, '2025-05-14', 1),
(1537, 1, 8, 2, 4, '2025-05-14', 1),
(1538, 1, 8, 2, 4, '2025-05-14', 1),
(1539, 1, 8, 2, 4, '2025-05-14', 1),
(1540, 1, 8, 2, 4, '2025-05-14', 1),
(1541, 1, 8, 2, 4, '2025-05-14', 1),
(1542, 1, 8, 2, 4, '2025-05-14', 1),
(1543, 1, 8, 2, 4, '2025-05-14', 1),
(1544, 1, 8, 2, 4, '2025-05-14', 1),
(1545, 1, 8, 2, 4, '2025-05-14', 1),
(1546, 1, 8, 2, 4, '2025-05-14', 1),
(1547, 1, 8, 2, 4, '2025-05-14', 1),
(1548, 1, 8, 2, 4, '2025-05-14', 1),
(1549, 1, 8, 2, 4, '2025-05-14', 1),
(1550, 1, 8, 2, 4, '2025-05-14', 1),
(1551, 1, 8, 2, 4, '2025-05-14', 1),
(1552, 1, 8, 2, 4, '2025-05-14', 1),
(1553, 1, 8, 2, 4, '2025-05-14', 1),
(1554, 1, 8, 2, 4, '2025-05-14', 1),
(1555, 1, 8, 2, 4, '2025-05-14', 1),
(1556, 1, 8, 2, 4, '2025-05-14', 1),
(1557, 1, 8, 2, 4, '2025-05-14', 1),
(1558, 1, 8, 2, 4, '2025-05-14', 1),
(1559, 1, 8, 2, 4, '2025-05-14', 1),
(1560, 1, 8, 2, 4, '2025-05-14', 1),
(1561, 1, 8, 2, 4, '2025-05-14', 1),
(1562, 1, 8, 2, 4, '2025-05-14', 1),
(1563, 1, 8, 2, 4, '2025-05-14', 1),
(1564, 1, 8, 2, 4, '2025-05-14', 1),
(1565, 1, 8, 2, 4, '2025-05-14', 1),
(1566, 1, 8, 2, 4, '2025-05-14', 1),
(1567, 1, 8, 2, 4, '2025-05-14', 1),
(1568, 1, 8, 2, 4, '2025-05-14', 1),
(1569, 1, 8, 2, 4, '2025-05-14', 1),
(1570, 1, 8, 2, 4, '2025-05-14', 1),
(1571, 1, 8, 2, 4, '2025-05-14', 1),
(1572, 1, 8, 2, 4, '2025-05-14', 1),
(1573, 1, 8, 2, 4, '2025-05-14', 1),
(1574, 1, 8, 2, 4, '2025-05-14', 1),
(1575, 1, 8, 2, 4, '2025-05-14', 1),
(1576, 1, 8, 2, 4, '2025-05-14', 1),
(1577, 1, 8, 2, 4, '2025-05-14', 1),
(1578, 1, 8, 2, 4, '2025-05-14', 1),
(1579, 1, 8, 2, 4, '2025-05-14', 1),
(1580, 1, 8, 2, 4, '2025-05-14', 1),
(1581, 1, 8, 2, 4, '2025-05-14', 1),
(1582, 1, 8, 2, 4, '2025-05-14', 1),
(1583, 1, 8, 2, 4, '2025-05-14', 1),
(1584, 1, 8, 2, 4, '2025-05-14', 1),
(1585, 1, 8, 2, 4, '2025-05-14', 1),
(1586, 1, 8, 2, 4, '2025-05-14', 1),
(1587, 1, 8, 2, 4, '2025-05-14', 1),
(1588, 1, 8, 2, 4, '2025-05-14', 1),
(1589, 1, 8, 2, 4, '2025-05-14', 1),
(1590, 1, 8, 2, 4, '2025-05-14', 1),
(1591, 1, 8, 2, 4, '2025-05-14', 1),
(1592, 1, 8, 2, 4, '2025-05-14', 1),
(1593, 1, 8, 2, 4, '2025-05-14', 1),
(1594, 1, 8, 2, 4, '2025-05-14', 1),
(1595, 1, 8, 2, 4, '2025-05-14', 1),
(1596, 1, 8, 2, 4, '2025-05-14', 1),
(1597, 1, 8, 2, 4, '2025-05-14', 1),
(1598, 1, 8, 2, 4, '2025-05-14', 1),
(1599, 1, 8, 2, 4, '2025-05-14', 1),
(1600, 1, 8, 2, 4, '2025-05-14', 1),
(1601, 1, 8, 2, 4, '2025-05-14', 1),
(1602, 1, 8, 2, 4, '2025-05-14', 1),
(1603, 1, 8, 2, 4, '2025-05-14', 1),
(1604, 1, 8, 2, 4, '2025-05-14', 1),
(1605, 1, 8, 2, 4, '2025-05-14', 1),
(1606, 1, 8, 2, 4, '2025-05-14', 1),
(1607, 1, 8, 2, 4, '2025-05-14', 1),
(1608, 1, 8, 2, 4, '2025-05-14', 1),
(1609, 1, 8, 2, 4, '2025-05-14', 1),
(1610, 1, 8, 2, 4, '2025-05-14', 1),
(1611, 1, 8, 2, 4, '2025-05-14', 1),
(1612, 1, 8, 2, 4, '2025-05-14', 1),
(1613, 1, 8, 2, 4, '2025-05-14', 1),
(1614, 1, 8, 2, 4, '2025-05-14', 1),
(1615, 1, 8, 2, 4, '2025-05-14', 1),
(1616, 1, 8, 2, 4, '2025-05-14', 1),
(1617, 1, 8, 2, 4, '2025-05-14', 1),
(1618, 1, 8, 2, 4, '2025-05-14', 1),
(1619, 1, 8, 2, 4, '2025-05-14', 1),
(1620, 1, 8, 2, 4, '2025-05-14', 1),
(1621, 1, 8, 2, 4, '2025-05-14', 1),
(1622, 1, 8, 2, 4, '2025-05-14', 1),
(1623, 1, 8, 2, 4, '2025-05-14', 1),
(1624, 1, 8, 2, 4, '2025-05-14', 1),
(1625, 1, 8, 2, 4, '2025-05-14', 1),
(1626, 1, 8, 2, 4, '2025-05-14', 1),
(1627, 1, 8, 2, 4, '2025-05-14', 1),
(1628, 1, 8, 2, 4, '2025-05-14', 1),
(1629, 1, 8, 2, 4, '2025-05-14', 1),
(1630, 1, 8, 2, 4, '2025-05-14', 1),
(1631, 1, 8, 2, 4, '2025-05-14', 1),
(1632, 1, 8, 2, 4, '2025-05-14', 1),
(1633, 1, 8, 2, 4, '2025-05-14', 1),
(1634, 1, 8, 2, 4, '2025-05-14', 1),
(1635, 1, 8, 2, 4, '2025-05-14', 1),
(1636, 1, 8, 2, 4, '2025-05-14', 1),
(1637, 1, 8, 2, 4, '2025-05-14', 1),
(1638, 1, 8, 2, 4, '2025-05-14', 1),
(1639, 1, 8, 2, 4, '2025-05-14', 1),
(1640, 1, 8, 2, 4, '2025-05-14', 1),
(1641, 1, 8, 2, 4, '2025-05-14', 1),
(1642, 1, 8, 2, 4, '2025-05-14', 1),
(1643, 1, 8, 2, 4, '2025-05-14', 1),
(1644, 1, 8, 2, 4, '2025-05-14', 1),
(1645, 1, 8, 2, 4, '2025-05-14', 1),
(1646, 1, 8, 2, 4, '2025-05-14', 1),
(1647, 1, 8, 2, 4, '2025-05-14', 1),
(1648, 1, 8, 2, 4, '2025-05-14', 1),
(1649, 1, 8, 2, 4, '2025-05-14', 1),
(1650, 1, 8, 2, 4, '2025-05-14', 1),
(1651, 1, 8, 2, 4, '2025-05-14', 1),
(1652, 1, 8, 2, 4, '2025-05-14', 1),
(1653, 1, 8, 2, 4, '2025-05-14', 1),
(1654, 1, 8, 2, 4, '2025-05-14', 1),
(1655, 1, 8, 2, 4, '2025-05-14', 1),
(1656, 1, 8, 2, 4, '2025-05-14', 1),
(1657, 1, 8, 2, 4, '2025-05-14', 1),
(1658, 1, 8, 2, 4, '2025-05-14', 1),
(1659, 1, 8, 2, 4, '2025-05-14', 1),
(1660, 1, 8, 2, 4, '2025-05-14', 1),
(1661, 1, 8, 2, 4, '2025-05-14', 1),
(1662, 1, 8, 2, 4, '2025-05-14', 1),
(1663, 1, 8, 2, 4, '2025-05-14', 1),
(1664, 1, 8, 2, 4, '2025-05-14', 1),
(1665, 1, 8, 2, 4, '2025-05-14', 1),
(1666, 1, 8, 2, 4, '2025-05-14', 1),
(1667, 1, 8, 2, 4, '2025-05-14', 1),
(1668, 1, 8, 2, 4, '2025-05-14', 1),
(1669, 1, 8, 2, 4, '2025-05-14', 1),
(1670, 1, 8, 2, 4, '2025-05-14', 1),
(1671, 1, 8, 2, 4, '2025-05-14', 1),
(1672, 1, 8, 2, 4, '2025-05-14', 1),
(1673, 1, 8, 2, 4, '2025-05-14', 1),
(1674, 1, 8, 2, 4, '2025-05-14', 1),
(1675, 1, 8, 2, 4, '2025-05-14', 1),
(1676, 1, 8, 2, 4, '2025-05-14', 1),
(1677, 1, 8, 2, 4, '2025-05-14', 1),
(1678, 1, 8, 2, 4, '2025-05-14', 1),
(1679, 1, 8, 2, 4, '2025-05-14', 1),
(1680, 1, 8, 2, 4, '2025-05-14', 1),
(1681, 1, 8, 2, 4, '2025-05-14', 1),
(1682, 1, 8, 2, 4, '2025-05-14', 1),
(1683, 1, 8, 2, 4, '2025-05-14', 1),
(1684, 1, 8, 2, 4, '2025-05-14', 1),
(1685, 1, 8, 2, 4, '2025-05-14', 1),
(1686, 1, 8, 2, 4, '2025-05-14', 1),
(1687, 1, 8, 2, 4, '2025-05-14', 1),
(1688, 1, 8, 2, 4, '2025-05-14', 1),
(1689, 1, 8, 2, 4, '2025-05-14', 1),
(1690, 1, 8, 2, 4, '2025-05-14', 1),
(1691, 1, 8, 2, 4, '2025-05-14', 1),
(1692, 1, 8, 2, 4, '2025-05-14', 1),
(1693, 1, 8, 2, 4, '2025-05-14', 1),
(1694, 1, 8, 2, 4, '2025-05-14', 1),
(1695, 1, 8, 2, 4, '2025-05-14', 1),
(1696, 1, 8, 2, 4, '2025-05-14', 1),
(1697, 1, 8, 2, 4, '2025-05-14', 1),
(1698, 1, 8, 2, 4, '2025-05-14', 1),
(1699, 1, 8, 2, 4, '2025-05-14', 1),
(1700, 1, 8, 2, 4, '2025-05-14', 1),
(1701, 1, 8, 2, 4, '2025-05-14', 1),
(1702, 1, 8, 2, 4, '2025-05-14', 1),
(1703, 1, 8, 2, 4, '2025-05-14', 1),
(1704, 1, 8, 2, 4, '2025-05-14', 1),
(1705, 1, 8, 2, 4, '2025-05-14', 1),
(1706, 1, 8, 2, 4, '2025-05-14', 1),
(1707, 1, 8, 2, 4, '2025-05-14', 1),
(1708, 1, 8, 2, 4, '2025-05-14', 1),
(1709, 1, 8, 2, 4, '2025-05-14', 1),
(1710, 1, 8, 2, 4, '2025-05-14', 1),
(1711, 1, 8, 2, 4, '2025-05-14', 1),
(1712, 1, 8, 2, 4, '2025-05-14', 1),
(1713, 1, 8, 2, 4, '2025-05-14', 1),
(1714, 1, 8, 2, 4, '2025-05-14', 1),
(1715, 1, 8, 2, 4, '2025-05-14', 1),
(1716, 1, 8, 2, 4, '2025-05-14', 1),
(1717, 1, 8, 2, 4, '2025-05-14', 1),
(1718, 1, 8, 2, 4, '2025-05-14', 1),
(1719, 1, 8, 2, 4, '2025-05-14', 1),
(1720, 1, 8, 2, 4, '2025-05-14', 1),
(1721, 1, 8, 2, 4, '2025-05-14', 1),
(1722, 1, 8, 2, 4, '2025-05-14', 1),
(1723, 1, 8, 2, 4, '2025-05-14', 1),
(1724, 1, 8, 2, 4, '2025-05-14', 1),
(1725, 1, 8, 2, 4, '2025-05-14', 1),
(1726, 1, 8, 2, 4, '2025-05-14', 1),
(1727, 1, 8, 2, 4, '2025-05-14', 1),
(1728, 1, 8, 2, 4, '2025-05-14', 1),
(1729, 1, 8, 2, 4, '2025-05-14', 1),
(1730, 1, 8, 2, 4, '2025-05-14', 1),
(1731, 1, 8, 2, 4, '2025-05-14', 1),
(1732, 1, 8, 2, 4, '2025-05-14', 1),
(1733, 1, 8, 2, 4, '2025-05-14', 1),
(1734, 1, 8, 2, 4, '2025-05-14', 1),
(1735, 1, 8, 2, 4, '2025-05-14', 1),
(1736, 1, 8, 2, 4, '2025-05-14', 1),
(1737, 1, 8, 2, 4, '2025-05-14', 1),
(1738, 1, 8, 2, 4, '2025-05-14', 1),
(1739, 1, 8, 2, 4, '2025-05-14', 1),
(1740, 1, 8, 2, 4, '2025-05-14', 1),
(1741, 1, 8, 2, 4, '2025-05-14', 1),
(1742, 1, 8, 2, 4, '2025-05-14', 1),
(1743, 1, 8, 2, 4, '2025-05-14', 1),
(1744, 1, 8, 2, 4, '2025-05-14', 1),
(1745, 1, 8, 2, 4, '2025-05-14', 1),
(1746, 1, 8, 2, 4, '2025-05-14', 1),
(1747, 1, 8, 2, 4, '2025-05-14', 1),
(1748, 1, 8, 2, 4, '2025-05-14', 1),
(1749, 1, 8, 2, 4, '2025-05-14', 1),
(1750, 1, 8, 2, 4, '2025-05-14', 1),
(1751, 1, 8, 2, 4, '2025-05-14', 1),
(1752, 1, 8, 2, 4, '2025-05-14', 1),
(1753, 1, 8, 2, 4, '2025-05-14', 1),
(1754, 1, 8, 2, 4, '2025-05-14', 1),
(1755, 1, 8, 2, 4, '2025-05-14', 1),
(1756, 1, 8, 2, 4, '2025-05-14', 1),
(1757, 1, 8, 2, 4, '2025-05-14', 1),
(1758, 1, 8, 2, 4, '2025-05-14', 1),
(1759, 1, 8, 2, 4, '2025-05-14', 1),
(1760, 1, 8, 2, 4, '2025-05-14', 1),
(1761, 1, 8, 2, 4, '2025-05-14', 1),
(1762, 1, 8, 2, 4, '2025-05-14', 1),
(1763, 1, 8, 2, 4, '2025-05-14', 1),
(1764, 1, 8, 2, 4, '2025-05-14', 1),
(1765, 1, 8, 2, 4, '2025-05-14', 1),
(1766, 1, 8, 2, 4, '2025-05-14', 1),
(1767, 1, 8, 2, 4, '2025-05-14', 1),
(1768, 1, 8, 2, 4, '2025-05-14', 1),
(1769, 1, 8, 2, 4, '2025-05-14', 1),
(1770, 1, 8, 2, 4, '2025-05-14', 1),
(1771, 1, 8, 2, 4, '2025-05-14', 1),
(1772, 1, 8, 2, 4, '2025-05-14', 1),
(1773, 1, 8, 2, 4, '2025-05-14', 1),
(1774, 1, 8, 2, 4, '2025-05-14', 1),
(1775, 1, 8, 2, 4, '2025-05-14', 1),
(1776, 1, 8, 2, 4, '2025-05-14', 1),
(1777, 1, 8, 2, 4, '2025-05-14', 1),
(1778, 1, 8, 2, 4, '2025-05-14', 1),
(1779, 1, 8, 2, 4, '2025-05-14', 1),
(1780, 1, 8, 2, 4, '2025-05-14', 1),
(1781, 1, 8, 2, 4, '2025-05-14', 1),
(1782, 1, 8, 2, 4, '2025-05-14', 1),
(1783, 1, 8, 2, 4, '2025-05-14', 1),
(1784, 1, 8, 2, 4, '2025-05-14', 1),
(1785, 1, 8, 2, 4, '2025-05-14', 1),
(1786, 1, 8, 2, 4, '2025-05-14', 1),
(1787, 1, 8, 2, 4, '2025-05-14', 1),
(1788, 1, 8, 2, 4, '2025-05-14', 1),
(1789, 1, 8, 2, 4, '2025-05-14', 1),
(1790, 1, 8, 2, 4, '2025-05-14', 1),
(1791, 1, 8, 2, 4, '2025-05-14', 1),
(1792, 1, 8, 2, 4, '2025-05-14', 1),
(1793, 1, 8, 2, 4, '2025-05-14', 1),
(1794, 1, 8, 2, 4, '2025-05-14', 1),
(1795, 1, 8, 2, 4, '2025-05-14', 1),
(1796, 1, 8, 2, 4, '2025-05-14', 1),
(1797, 1, 8, 2, 4, '2025-05-14', 1),
(1798, 1, 8, 2, 4, '2025-05-14', 1),
(1799, 1, 8, 2, 4, '2025-05-14', 1),
(1800, 1, 8, 2, 4, '2025-05-14', 1),
(1801, 1, 8, 2, 4, '2025-05-14', 1),
(1802, 1, 8, 2, 4, '2025-05-14', 1),
(1803, 1, 8, 2, 4, '2025-05-14', 1),
(1804, 1, 8, 2, 4, '2025-05-14', 1),
(1805, 1, 8, 2, 4, '2025-05-14', 1),
(1806, 1, 8, 2, 4, '2025-05-14', 1),
(1807, 1, 8, 2, 4, '2025-05-14', 1),
(1808, 1, 8, 2, 4, '2025-05-14', 1),
(1809, 1, 8, 2, 4, '2025-05-14', 1),
(1810, 1, 8, 2, 4, '2025-05-14', 1),
(1811, 1, 8, 2, 4, '2025-05-14', 1),
(1812, 1, 8, 2, 4, '2025-05-14', 1),
(1813, 1, 8, 2, 4, '2025-05-14', 1),
(1814, 1, 8, 2, 4, '2025-05-14', 1),
(1815, 1, 8, 2, 4, '2025-05-14', 1),
(1816, 1, 8, 2, 4, '2025-05-14', 1),
(1817, 1, 8, 2, 4, '2025-05-14', 1),
(1818, 1, 8, 2, 4, '2025-05-14', 1),
(1819, 1, 8, 2, 4, '2025-05-14', 1),
(1820, 1, 8, 2, 4, '2025-05-14', 1),
(1821, 1, 8, 2, 4, '2025-05-14', 1),
(1822, 1, 8, 2, 4, '2025-05-14', 1),
(1823, 1, 8, 2, 4, '2025-05-14', 1),
(1824, 1, 8, 2, 4, '2025-05-14', 1),
(1825, 1, 8, 2, 4, '2025-05-14', 1),
(1826, 1, 8, 2, 4, '2025-05-14', 1),
(1827, 1, 8, 2, 4, '2025-05-14', 1),
(1828, 1, 8, 2, 4, '2025-05-14', 1),
(1829, 1, 8, 2, 4, '2025-05-14', 1),
(1830, 1, 8, 2, 4, '2025-05-14', 1),
(1831, 1, 8, 2, 4, '2025-05-14', 1),
(1832, 1, 8, 2, 4, '2025-05-14', 1),
(1833, 1, 8, 2, 4, '2025-05-14', 1),
(1834, 1, 8, 2, 4, '2025-05-14', 1),
(1835, 1, 8, 2, 4, '2025-05-14', 1),
(1836, 1, 8, 2, 4, '2025-05-14', 1),
(1837, 1, 8, 2, 4, '2025-05-14', 1),
(1838, 1, 8, 2, 4, '2025-05-14', 1),
(1839, 1, 8, 2, 4, '2025-05-14', 1),
(1840, 1, 8, 2, 4, '2025-05-14', 1),
(1841, 1, 8, 2, 4, '2025-05-14', 1),
(1842, 1, 8, 2, 4, '2025-05-14', 1),
(1843, 1, 8, 2, 4, '2025-05-14', 1),
(1844, 1, 8, 2, 4, '2025-05-14', 1),
(1845, 1, 8, 2, 4, '2025-05-14', 1),
(1846, 1, 8, 2, 4, '2025-05-14', 1),
(1847, 1, 8, 2, 4, '2025-05-14', 1),
(1848, 1, 8, 2, 4, '2025-05-14', 1),
(1849, 1, 8, 2, 4, '2025-05-14', 1),
(1850, 1, 8, 2, 4, '2025-05-14', 1),
(1851, 1, 8, 2, 4, '2025-05-14', 1),
(1852, 1, 8, 2, 4, '2025-05-14', 1),
(1853, 1, 8, 2, 4, '2025-05-14', 1),
(1854, 1, 8, 2, 4, '2025-05-14', 1),
(1855, 1, 8, 2, 4, '2025-05-14', 1),
(1856, 1, 8, 2, 4, '2025-05-14', 1),
(1857, 1, 8, 2, 4, '2025-05-14', 1),
(1858, 1, 8, 2, 4, '2025-05-14', 1),
(1859, 1, 8, 2, 4, '2025-05-14', 1),
(1860, 1, 8, 2, 4, '2025-05-14', 1),
(1861, 1, 8, 2, 4, '2025-05-14', 1),
(1862, 1, 8, 2, 4, '2025-05-14', 1),
(1863, 1, 8, 2, 4, '2025-05-14', 1),
(1864, 1, 8, 2, 4, '2025-05-14', 1),
(1865, 1, 8, 2, 4, '2025-05-14', 1),
(1866, 1, 8, 2, 4, '2025-05-14', 1),
(1867, 1, 8, 2, 4, '2025-05-14', 1),
(1868, 1, 8, 2, 4, '2025-05-14', 1),
(1869, 1, 8, 2, 4, '2025-05-14', 1),
(1870, 1, 8, 2, 4, '2025-05-14', 1),
(1871, 1, 8, 2, 4, '2025-05-14', 1),
(1872, 1, 8, 2, 4, '2025-05-14', 1),
(1873, 1, 8, 2, 4, '2025-05-14', 1),
(1874, 1, 8, 2, 4, '2025-05-14', 1),
(1875, 1, 8, 2, 4, '2025-05-14', 1),
(1876, 1, 8, 2, 4, '2025-05-14', 1),
(1877, 1, 8, 2, 4, '2025-05-14', 1),
(1878, 1, 8, 2, 4, '2025-05-14', 1),
(1879, 1, 8, 2, 4, '2025-05-14', 1),
(1880, 1, 8, 2, 4, '2025-05-14', 1),
(1881, 1, 8, 2, 4, '2025-05-14', 1),
(1882, 1, 8, 2, 4, '2025-05-14', 1),
(1883, 1, 8, 2, 4, '2025-05-14', 1),
(1884, 1, 8, 2, 4, '2025-05-14', 1),
(1885, 1, 8, 2, 4, '2025-05-14', 1),
(1886, 1, 8, 2, 4, '2025-05-14', 1),
(1887, 1, 8, 2, 4, '2025-05-14', 1),
(1888, 1, 8, 2, 4, '2025-05-14', 1),
(1889, 1, 8, 2, 4, '2025-05-14', 1),
(1890, 1, 8, 2, 4, '2025-05-14', 1),
(1891, 1, 8, 2, 4, '2025-05-14', 1),
(1892, 1, 8, 2, 4, '2025-05-14', 1),
(1893, 1, 8, 2, 4, '2025-05-14', 1),
(1894, 1, 8, 2, 4, '2025-05-14', 1),
(1895, 1, 8, 2, 4, '2025-05-14', 1),
(1896, 1, 8, 2, 4, '2025-05-14', 1),
(1897, 1, 8, 2, 4, '2025-05-14', 1),
(1898, 1, 8, 2, 4, '2025-05-14', 1),
(1899, 1, 8, 2, 4, '2025-05-14', 1),
(1900, 1, 8, 2, 4, '2025-05-14', 1),
(1901, 1, 8, 2, 4, '2025-05-14', 1),
(1902, 1, 8, 2, 4, '2025-05-14', 1),
(1903, 1, 8, 2, 4, '2025-05-14', 1),
(1904, 1, 8, 2, 4, '2025-05-14', 1),
(1905, 1, 8, 2, 4, '2025-05-14', 1),
(1906, 1, 8, 2, 4, '2025-05-14', 1),
(1907, 1, 8, 2, 4, '2025-05-14', 1),
(1908, 1, 8, 2, 4, '2025-05-14', 1),
(1909, 1, 8, 2, 4, '2025-05-14', 1),
(1910, 1, 8, 2, 4, '2025-05-14', 1),
(1911, 1, 8, 2, 4, '2025-05-14', 1),
(1912, 1, 8, 2, 4, '2025-05-14', 1),
(1913, 1, 8, 2, 4, '2025-05-14', 1),
(1914, 1, 8, 2, 4, '2025-05-14', 1),
(1915, 1, 8, 2, 4, '2025-05-14', 1),
(1916, 1, 8, 2, 4, '2025-05-14', 1),
(1917, 1, 8, 2, 4, '2025-05-14', 1),
(1918, 1, 8, 2, 4, '2025-05-14', 1),
(1919, 1, 8, 2, 4, '2025-05-14', 1),
(1920, 1, 8, 2, 4, '2025-05-14', 1),
(1921, 1, 8, 2, 4, '2025-05-14', 1),
(1922, 1, 8, 2, 4, '2025-05-14', 1),
(1923, 1, 8, 2, 4, '2025-05-14', 1),
(1924, 1, 8, 2, 4, '2025-05-14', 1),
(1925, 1, 8, 2, 4, '2025-05-14', 1),
(1926, 1, 8, 2, 4, '2025-05-14', 1),
(1927, 1, 8, 2, 4, '2025-05-14', 1),
(1928, 1, 8, 2, 4, '2025-05-14', 1),
(1929, 1, 8, 2, 4, '2025-05-14', 1),
(1930, 1, 8, 2, 4, '2025-05-14', 1),
(1931, 1, 8, 2, 4, '2025-05-14', 1),
(1932, 1, 8, 2, 4, '2025-05-14', 1),
(1933, 1, 8, 2, 4, '2025-05-14', 1),
(1934, 1, 8, 2, 4, '2025-05-14', 1),
(1935, 1, 8, 2, 4, '2025-05-14', 1),
(1936, 1, 8, 2, 4, '2025-05-14', 1),
(1937, 1, 8, 2, 4, '2025-05-14', 1),
(1938, 1, 8, 2, 4, '2025-05-14', 1),
(1939, 1, 8, 2, 4, '2025-05-14', 1),
(1940, 1, 8, 2, 4, '2025-05-14', 1),
(1941, 1, 8, 2, 4, '2025-05-14', 1),
(1942, 1, 8, 2, 4, '2025-05-14', 1),
(1943, 1, 8, 2, 4, '2025-05-14', 1),
(1944, 1, 8, 2, 4, '2025-05-14', 1),
(1945, 1, 8, 2, 4, '2025-05-14', 1),
(1946, 1, 8, 2, 4, '2025-05-14', 1),
(1947, 1, 8, 2, 4, '2025-05-14', 1),
(1948, 1, 8, 2, 4, '2025-05-14', 1),
(1949, 1, 8, 2, 4, '2025-05-14', 1),
(1950, 1, 8, 2, 4, '2025-05-14', 1),
(1951, 1, 8, 2, 4, '2025-05-14', 1),
(1952, 1, 8, 2, 4, '2025-05-14', 1),
(1953, 1, 8, 2, 4, '2025-05-14', 1),
(1954, 1, 8, 2, 4, '2025-05-14', 1),
(1955, 1, 8, 2, 4, '2025-05-14', 1),
(1956, 1, 8, 2, 4, '2025-05-14', 1),
(1957, 1, 8, 2, 4, '2025-05-14', 1),
(1958, 1, 8, 2, 4, '2025-05-14', 1),
(1959, 1, 8, 2, 4, '2025-05-14', 1),
(1960, 1, 8, 2, 4, '2025-05-14', 1),
(1961, 1, 8, 2, 4, '2025-05-14', 1),
(1962, 1, 8, 2, 4, '2025-05-14', 1),
(1963, 1, 8, 2, 4, '2025-05-14', 1),
(1964, 1, 8, 2, 4, '2025-05-14', 1),
(1965, 1, 8, 2, 4, '2025-05-14', 1),
(1966, 1, 8, 2, 4, '2025-05-14', 1),
(1967, 1, 8, 2, 4, '2025-05-14', 1),
(1968, 1, 8, 2, 4, '2025-05-14', 1),
(1969, 1, 8, 2, 4, '2025-05-14', 1),
(1970, 1, 8, 2, 4, '2025-05-14', 1),
(1971, 1, 8, 2, 4, '2025-05-14', 1),
(1972, 1, 8, 2, 4, '2025-05-14', 1),
(1973, 1, 8, 2, 4, '2025-05-14', 1),
(1974, 1, 8, 2, 4, '2025-05-14', 1),
(1975, 1, 8, 2, 4, '2025-05-14', 1),
(1976, 1, 8, 2, 4, '2025-05-14', 1),
(1977, 1, 8, 2, 4, '2025-05-14', 1),
(1978, 1, 8, 2, 4, '2025-05-14', 1),
(1979, 1, 8, 2, 4, '2025-05-14', 1),
(1980, 1, 8, 2, 4, '2025-05-14', 1),
(1981, 1, 8, 2, 4, '2025-05-14', 1),
(1982, 1, 8, 2, 4, '2025-05-14', 1),
(1983, 1, 8, 2, 4, '2025-05-14', 1),
(1984, 1, 8, 2, 4, '2025-05-14', 1),
(1985, 1, 8, 2, 4, '2025-05-14', 1),
(1986, 1, 8, 2, 4, '2025-05-14', 1),
(1987, 1, 8, 2, 4, '2025-05-14', 1),
(1988, 1, 8, 2, 4, '2025-05-14', 1),
(1989, 1, 8, 2, 4, '2025-05-14', 1),
(1990, 1, 8, 2, 4, '2025-05-14', 1),
(1991, 1, 8, 2, 4, '2025-05-14', 1),
(1992, 1, 8, 2, 4, '2025-05-14', 1),
(1993, 1, 8, 2, 4, '2025-05-14', 1),
(1994, 1, 8, 2, 4, '2025-05-14', 1),
(1995, 1, 8, 2, 4, '2025-05-14', 1),
(1996, 1, 8, 2, 4, '2025-05-14', 1),
(1997, 1, 8, 2, 4, '2025-05-14', 1),
(1998, 1, 8, 2, 4, '2025-05-14', 1),
(1999, 1, 8, 2, 4, '2025-05-14', 1),
(2000, 1, 8, 2, 4, '2025-05-14', 1),
(2001, 1, 8, 2, 4, '2025-05-14', 1),
(2002, 1, 8, 2, 4, '2025-05-14', 1),
(2003, 1, 8, 2, 4, '2025-05-14', 1),
(2004, 1, 8, 2, 4, '2025-05-14', 1),
(2005, 1, 8, 2, 4, '2025-05-14', 1),
(2006, 1, 8, 2, 4, '2025-05-14', 1),
(2007, 1, 8, 2, 4, '2025-05-14', 1),
(2008, 1, 8, 2, 4, '2025-05-14', 1),
(2009, 1, 8, 2, 4, '2025-05-14', 1),
(2010, 1, 8, 2, 4, '2025-05-14', 1),
(2011, 1, 8, 2, 4, '2025-05-14', 1),
(2012, 1, 8, 2, 4, '2025-05-14', 1),
(2013, 1, 8, 2, 4, '2025-05-14', 1),
(2014, 1, 8, 2, 4, '2025-05-14', 1),
(2015, 1, 8, 2, 4, '2025-05-14', 1),
(2016, 1, 8, 2, 4, '2025-05-14', 1),
(2017, 1, 8, 2, 4, '2025-05-14', 1),
(2018, 1, 8, 2, 4, '2025-05-14', 1),
(2019, 1, 8, 2, 4, '2025-05-14', 1),
(2020, 1, 8, 2, 4, '2025-05-14', 1),
(2021, 1, 8, 2, 4, '2025-05-14', 1),
(2022, 1, 8, 2, 4, '2025-05-14', 1),
(2023, 1, 8, 2, 4, '2025-05-14', 1),
(2024, 1, 8, 2, 4, '2025-05-14', 1),
(2025, 1, 8, 2, 4, '2025-05-14', 1),
(2026, 1, 8, 2, 4, '2025-05-14', 1),
(2027, 1, 8, 2, 4, '2025-05-14', 1),
(2028, 1, 8, 2, 4, '2025-05-14', 1),
(2029, 1, 8, 2, 4, '2025-05-14', 1),
(2030, 1, 8, 2, 4, '2025-05-14', 1),
(2031, 1, 8, 2, 4, '2025-05-14', 1),
(2032, 1, 8, 2, 4, '2025-05-14', 1),
(2033, 1, 8, 2, 4, '2025-05-14', 1),
(2034, 1, 8, 2, 4, '2025-05-14', 1),
(2035, 1, 8, 2, 4, '2025-05-14', 1),
(2036, 1, 8, 2, 4, '2025-05-14', 1),
(2037, 1, 8, 2, 4, '2025-05-14', 1),
(2038, 1, 8, 2, 4, '2025-05-14', 1),
(2039, 1, 8, 2, 4, '2025-05-14', 1),
(2040, 1, 8, 2, 4, '2025-05-14', 1),
(2041, 1, 8, 2, 4, '2025-05-14', 1),
(2042, 1, 8, 2, 4, '2025-05-14', 1),
(2043, 1, 8, 2, 4, '2025-05-14', 1),
(2044, 1, 8, 2, 4, '2025-05-14', 1),
(2045, 1, 8, 2, 4, '2025-05-14', 1),
(2046, 1, 8, 2, 4, '2025-05-14', 1),
(2047, 1, 8, 2, 4, '2025-05-14', 1),
(2048, 1, 8, 2, 4, '2025-05-14', 1),
(2049, 1, 8, 2, 4, '2025-05-14', 1),
(2050, 1, 8, 2, 4, '2025-05-14', 1),
(2051, 1, 8, 2, 4, '2025-05-14', 1),
(2052, 1, 8, 2, 4, '2025-05-14', 1),
(2053, 1, 8, 2, 4, '2025-05-14', 1),
(2054, 1, 8, 2, 4, '2025-05-14', 1),
(2055, 1, 8, 2, 4, '2025-05-14', 1),
(2056, 1, 8, 2, 4, '2025-05-14', 1),
(2057, 1, 8, 2, 4, '2025-05-14', 1),
(2058, 1, 8, 2, 4, '2025-05-14', 1),
(2059, 1, 8, 2, 4, '2025-05-14', 1),
(2060, 1, 8, 2, 4, '2025-05-14', 1),
(2061, 1, 8, 2, 4, '2025-05-14', 1),
(2062, 1, 8, 2, 4, '2025-05-14', 1),
(2063, 1, 8, 2, 4, '2025-05-14', 1),
(2064, 1, 8, 2, 4, '2025-05-14', 1),
(2065, 1, 8, 2, 4, '2025-05-14', 1),
(2066, 1, 8, 2, 4, '2025-05-14', 1),
(2067, 1, 8, 2, 4, '2025-05-14', 1),
(2068, 1, 8, 2, 4, '2025-05-14', 1),
(2069, 1, 8, 2, 4, '2025-05-14', 1),
(2070, 1, 8, 2, 4, '2025-05-14', 1),
(2071, 1, 8, 2, 4, '2025-05-14', 1),
(2072, 1, 8, 2, 4, '2025-05-14', 1),
(2073, 1, 8, 2, 4, '2025-05-14', 1),
(2074, 1, 8, 2, 4, '2025-05-14', 1),
(2075, 1, 8, 2, 4, '2025-05-14', 1),
(2076, 1, 8, 2, 4, '2025-05-14', 1),
(2077, 1, 8, 2, 4, '2025-05-14', 1),
(2078, 1, 8, 2, 4, '2025-05-14', 1),
(2079, 1, 8, 2, 4, '2025-05-14', 1),
(2080, 1, 8, 2, 4, '2025-05-14', 1),
(2081, 1, 8, 2, 4, '2025-05-14', 1),
(2082, 1, 8, 2, 4, '2025-05-14', 1),
(2083, 1, 8, 2, 4, '2025-05-14', 1),
(2084, 1, 8, 2, 4, '2025-05-14', 1),
(2085, 1, 8, 2, 4, '2025-05-14', 1),
(2086, 1, 8, 2, 4, '2025-05-14', 1),
(2087, 1, 8, 2, 4, '2025-05-14', 1),
(2088, 1, 8, 2, 4, '2025-05-14', 1),
(2089, 1, 8, 2, 4, '2025-05-14', 1),
(2090, 1, 8, 2, 4, '2025-05-14', 1),
(2091, 1, 8, 2, 4, '2025-05-14', 1),
(2092, 1, 8, 2, 4, '2025-05-14', 1),
(2093, 1, 8, 2, 4, '2025-05-14', 1),
(2094, 1, 8, 2, 4, '2025-05-14', 1),
(2095, 1, 8, 2, 4, '2025-05-14', 1),
(2096, 1, 8, 2, 4, '2025-05-14', 1),
(2097, 1, 8, 2, 4, '2025-05-14', 1),
(2098, 1, 8, 2, 4, '2025-05-14', 1),
(2099, 1, 8, 2, 4, '2025-05-14', 1),
(2100, 1, 8, 2, 4, '2025-05-14', 1),
(2101, 1, 8, 2, 4, '2025-05-14', 1),
(2102, 1, 8, 2, 4, '2025-05-14', 1),
(2103, 1, 8, 2, 4, '2025-05-14', 1),
(2104, 1, 8, 2, 4, '2025-05-14', 1),
(2105, 1, 8, 2, 4, '2025-05-14', 1),
(2106, 1, 8, 2, 4, '2025-05-14', 1),
(2107, 1, 8, 2, 4, '2025-05-14', 1),
(2108, 1, 8, 2, 4, '2025-05-14', 1),
(2109, 1, 8, 2, 4, '2025-05-14', 1),
(2110, 1, 8, 2, 4, '2025-05-14', 1),
(2111, 1, 8, 2, 4, '2025-05-14', 1),
(2112, 1, 8, 2, 4, '2025-05-14', 1),
(2113, 1, 8, 2, 4, '2025-05-14', 1),
(2114, 1, 8, 2, 4, '2025-05-14', 1),
(2115, 1, 8, 2, 4, '2025-05-14', 1),
(2116, 1, 8, 2, 4, '2025-05-14', 1),
(2117, 1, 8, 2, 4, '2025-05-14', 1),
(2118, 1, 8, 2, 4, '2025-05-14', 1),
(2119, 1, 8, 2, 4, '2025-05-14', 1),
(2120, 1, 8, 2, 4, '2025-05-14', 1),
(2121, 1, 8, 2, 4, '2025-05-14', 1),
(2122, 1, 8, 2, 4, '2025-05-14', 1),
(2123, 1, 8, 2, 4, '2025-05-14', 1),
(2124, 1, 8, 2, 4, '2025-05-14', 1),
(2125, 1, 8, 2, 4, '2025-05-14', 1),
(2126, 1, 8, 2, 4, '2025-05-14', 1),
(2127, 1, 8, 2, 4, '2025-05-14', 1),
(2128, 1, 8, 2, 4, '2025-05-14', 1),
(2129, 1, 8, 2, 4, '2025-05-14', 1),
(2130, 1, 8, 2, 4, '2025-05-14', 1),
(2131, 1, 8, 2, 4, '2025-05-14', 1),
(2132, 1, 8, 2, 4, '2025-05-14', 1),
(2133, 1, 8, 2, 4, '2025-05-14', 1),
(2134, 1, 8, 2, 4, '2025-05-14', 1),
(2135, 1, 8, 2, 4, '2025-05-14', 1),
(2136, 1, 8, 2, 4, '2025-05-14', 1),
(2137, 1, 8, 2, 4, '2025-05-14', 1),
(2138, 1, 8, 2, 4, '2025-05-14', 1),
(2139, 1, 8, 2, 4, '2025-05-14', 1),
(2140, 1, 8, 2, 4, '2025-05-14', 1),
(2141, 1, 8, 2, 4, '2025-05-14', 1),
(2142, 1, 8, 2, 4, '2025-05-14', 1),
(2143, 1, 8, 2, 4, '2025-05-14', 1),
(2144, 1, 8, 2, 4, '2025-05-14', 1),
(2145, 1, 8, 2, 4, '2025-05-14', 1),
(2146, 1, 8, 2, 4, '2025-05-14', 1),
(2147, 1, 8, 2, 4, '2025-05-14', 1),
(2148, 1, 8, 2, 4, '2025-05-14', 1),
(2149, 1, 8, 2, 4, '2025-05-14', 1),
(2150, 1, 8, 2, 4, '2025-05-14', 1),
(2151, 1, 8, 2, 4, '2025-05-14', 1),
(2152, 1, 8, 2, 4, '2025-05-14', 1),
(2153, 1, 8, 2, 4, '2025-05-14', 1),
(2154, 1, 8, 2, 4, '2025-05-14', 1),
(2155, 1, 8, 2, 4, '2025-05-14', 1),
(2156, 1, 8, 2, 4, '2025-05-14', 1),
(2157, 1, 8, 2, 4, '2025-05-14', 1),
(2158, 1, 8, 2, 4, '2025-05-14', 1),
(2159, 1, 8, 2, 4, '2025-05-14', 1),
(2160, 1, 8, 2, 4, '2025-05-14', 1),
(2161, 1, 8, 2, 4, '2025-05-14', 1),
(2162, 1, 8, 2, 4, '2025-05-14', 1),
(2163, 1, 8, 2, 4, '2025-05-14', 1),
(2164, 1, 8, 2, 4, '2025-05-14', 1),
(2165, 1, 8, 2, 4, '2025-05-14', 1),
(2166, 1, 8, 2, 4, '2025-05-14', 1),
(2167, 1, 8, 2, 4, '2025-05-14', 1),
(2168, 1, 8, 2, 4, '2025-05-14', 1),
(2169, 1, 8, 2, 4, '2025-05-14', 1),
(2170, 1, 8, 2, 4, '2025-05-14', 1),
(2171, 1, 8, 2, 4, '2025-05-14', 1),
(2172, 1, 8, 2, 4, '2025-05-14', 1),
(2173, 1, 8, 2, 4, '2025-05-14', 1),
(2174, 1, 8, 2, 4, '2025-05-14', 1),
(2175, 1, 8, 2, 4, '2025-05-14', 1),
(2176, 1, 8, 2, 4, '2025-05-14', 1),
(2177, 1, 8, 2, 4, '2025-05-14', 1),
(2178, 1, 8, 2, 4, '2025-05-14', 1),
(2179, 1, 8, 2, 4, '2025-05-14', 1),
(2180, 1, 8, 2, 4, '2025-05-14', 1),
(2181, 1, 8, 2, 4, '2025-05-14', 1),
(2182, 1, 8, 2, 4, '2025-05-14', 1),
(2183, 1, 8, 2, 4, '2025-05-14', 1),
(2184, 1, 8, 2, 4, '2025-05-14', 1),
(2185, 1, 8, 2, 4, '2025-05-14', 1),
(2186, 1, 8, 2, 4, '2025-05-14', 1),
(2187, 1, 8, 2, 4, '2025-05-14', 1),
(2188, 1, 8, 2, 4, '2025-05-14', 1),
(2189, 1, 8, 2, 4, '2025-05-14', 1),
(2190, 1, 8, 2, 4, '2025-05-14', 1),
(2191, 1, 8, 2, 4, '2025-05-14', 1),
(2192, 1, 8, 2, 4, '2025-05-14', 1),
(2193, 1, 8, 2, 4, '2025-05-14', 1),
(2194, 1, 8, 2, 4, '2025-05-14', 1),
(2195, 1, 8, 2, 4, '2025-05-14', 1),
(2196, 1, 8, 2, 4, '2025-05-14', 1),
(2197, 1, 8, 2, 4, '2025-05-14', 1),
(2198, 1, 8, 2, 4, '2025-05-14', 1),
(2199, 1, 8, 2, 4, '2025-05-14', 1),
(2200, 1, 8, 2, 4, '2025-05-14', 1),
(2201, 1, 8, 2, 4, '2025-05-14', 1),
(2202, 1, 8, 2, 4, '2025-05-14', 1),
(2203, 1, 8, 2, 4, '2025-05-14', 1),
(2204, 1, 8, 2, 4, '2025-05-14', 1),
(2205, 1, 8, 2, 4, '2025-05-14', 1),
(2206, 1, 8, 2, 4, '2025-05-14', 1),
(2207, 1, 8, 2, 4, '2025-05-14', 1),
(2208, 1, 8, 2, 4, '2025-05-14', 1),
(2209, 1, 8, 2, 4, '2025-05-14', 1),
(2210, 1, 8, 2, 4, '2025-05-14', 1),
(2211, 1, 8, 2, 4, '2025-05-14', 1),
(2212, 1, 8, 2, 4, '2025-05-14', 1),
(2213, 1, 8, 2, 4, '2025-05-14', 1),
(2214, 1, 8, 2, 4, '2025-05-14', 1),
(2215, 1, 8, 2, 4, '2025-05-14', 1),
(2216, 1, 8, 2, 4, '2025-05-14', 1),
(2217, 1, 8, 2, 4, '2025-05-14', 1),
(2218, 1, 8, 2, 4, '2025-05-14', 1),
(2219, 1, 8, 2, 4, '2025-05-14', 1),
(2220, 1, 8, 2, 4, '2025-05-14', 1),
(2221, 1, 8, 2, 4, '2025-05-14', 1),
(2222, 1, 8, 2, 4, '2025-05-14', 1),
(2223, 1, 8, 2, 4, '2025-05-14', 1),
(2224, 1, 8, 2, 4, '2025-05-14', 1),
(2225, 1, 8, 2, 4, '2025-05-14', 1),
(2226, 1, 8, 2, 4, '2025-05-14', 1),
(2227, 1, 8, 2, 4, '2025-05-14', 1),
(2228, 1, 8, 2, 4, '2025-05-14', 1),
(2229, 1, 8, 2, 4, '2025-05-14', 1),
(2230, 1, 8, 2, 4, '2025-05-14', 1),
(2231, 1, 8, 2, 4, '2025-05-14', 1),
(2232, 1, 8, 2, 4, '2025-05-14', 1),
(2233, 1, 8, 2, 4, '2025-05-14', 1),
(2234, 1, 8, 2, 4, '2025-05-14', 1),
(2235, 1, 8, 2, 4, '2025-05-14', 1),
(2236, 1, 8, 2, 4, '2025-05-14', 1),
(2237, 1, 8, 2, 4, '2025-05-14', 1),
(2238, 1, 8, 2, 4, '2025-05-14', 1),
(2239, 1, 8, 2, 4, '2025-05-14', 1),
(2240, 1, 8, 2, 4, '2025-05-14', 1),
(2241, 1, 8, 2, 4, '2025-05-14', 1),
(2242, 1, 8, 2, 4, '2025-05-14', 1),
(2243, 1, 8, 2, 4, '2025-05-14', 1),
(2244, 1, 8, 2, 4, '2025-05-14', 1),
(2245, 1, 8, 2, 4, '2025-05-14', 1),
(2246, 1, 8, 2, 4, '2025-05-14', 1),
(2247, 1, 8, 2, 4, '2025-05-14', 1),
(2248, 1, 8, 2, 4, '2025-05-14', 1),
(2249, 1, 8, 2, 4, '2025-05-14', 1),
(2250, 1, 8, 2, 4, '2025-05-14', 1),
(2251, 1, 8, 2, 4, '2025-05-14', 1),
(2252, 1, 8, 2, 4, '2025-05-14', 1),
(2253, 1, 8, 2, 4, '2025-05-14', 1),
(2254, 1, 8, 2, 4, '2025-05-14', 1),
(2255, 1, 8, 2, 4, '2025-05-14', 1),
(2256, 1, 8, 2, 4, '2025-05-14', 1),
(2257, 1, 8, 2, 4, '2025-05-14', 1),
(2258, 1, 8, 2, 4, '2025-05-14', 1),
(2259, 1, 8, 2, 4, '2025-05-14', 1),
(2260, 1, 8, 2, 4, '2025-05-14', 1),
(2261, 1, 8, 2, 4, '2025-05-14', 1),
(2262, 1, 8, 2, 4, '2025-05-14', 1),
(2263, 1, 8, 2, 4, '2025-05-14', 1),
(2264, 1, 8, 2, 4, '2025-05-14', 1),
(2265, 1, 8, 2, 4, '2025-05-14', 1),
(2266, 1, 8, 2, 4, '2025-05-14', 1),
(2267, 1, 8, 2, 4, '2025-05-14', 1),
(2268, 1, 8, 2, 4, '2025-05-14', 1),
(2269, 1, 8, 2, 4, '2025-05-14', 1),
(2270, 1, 8, 2, 4, '2025-05-14', 1),
(2271, 1, 8, 2, 4, '2025-05-14', 1),
(2272, 1, 8, 2, 4, '2025-05-14', 1),
(2273, 1, 8, 2, 4, '2025-05-14', 1),
(2274, 1, 8, 2, 4, '2025-05-14', 1),
(2275, 1, 8, 2, 4, '2025-05-14', 1),
(2276, 1, 8, 2, 4, '2025-05-14', 1),
(2277, 1, 8, 2, 4, '2025-05-14', 1),
(2278, 1, 8, 2, 4, '2025-05-14', 1),
(2279, 1, 8, 2, 4, '2025-05-14', 1),
(2280, 1, 8, 2, 4, '2025-05-14', 1),
(2281, 1, 8, 2, 4, '2025-05-14', 1),
(2282, 1, 8, 2, 4, '2025-05-14', 1),
(2283, 1, 8, 2, 4, '2025-05-14', 1),
(2284, 1, 8, 2, 4, '2025-05-14', 1),
(2285, 1, 8, 2, 4, '2025-05-14', 1),
(2286, 1, 8, 2, 4, '2025-05-14', 1),
(2287, 1, 8, 2, 4, '2025-05-14', 1),
(2288, 1, 8, 2, 4, '2025-05-14', 1),
(2289, 1, 8, 2, 4, '2025-05-14', 1),
(2290, 1, 8, 2, 4, '2025-05-14', 1),
(2291, 1, 8, 2, 4, '2025-05-14', 1),
(2292, 1, 8, 2, 4, '2025-05-14', 1),
(2293, 1, 8, 2, 4, '2025-05-14', 1),
(2294, 1, 8, 2, 4, '2025-05-14', 1),
(2295, 1, 8, 2, 4, '2025-05-14', 1),
(2296, 1, 8, 2, 4, '2025-05-14', 1),
(2297, 1, 8, 2, 4, '2025-05-14', 1),
(2298, 1, 8, 2, 4, '2025-05-14', 1),
(2299, 1, 8, 2, 4, '2025-05-14', 1),
(2300, 1, 8, 2, 4, '2025-05-14', 1),
(2301, 1, 8, 2, 4, '2025-05-14', 1),
(2302, 1, 8, 2, 4, '2025-05-14', 1),
(2303, 1, 8, 2, 4, '2025-05-14', 1),
(2304, 1, 8, 2, 4, '2025-05-14', 1),
(2305, 1, 8, 2, 4, '2025-05-14', 1),
(2306, 1, 8, 2, 4, '2025-05-14', 1),
(2307, 1, 8, 2, 4, '2025-05-14', 1),
(2308, 1, 8, 2, 4, '2025-05-14', 1),
(2309, 1, 8, 2, 4, '2025-05-14', 1),
(2310, 1, 8, 2, 4, '2025-05-14', 1),
(2311, 1, 8, 2, 4, '2025-05-14', 1),
(2312, 1, 8, 2, 4, '2025-05-14', 1),
(2313, 1, 8, 2, 4, '2025-05-14', 1),
(2314, 1, 8, 2, 4, '2025-05-14', 1),
(2315, 1, 8, 2, 4, '2025-05-14', 1),
(2316, 1, 8, 2, 4, '2025-05-14', 1),
(2317, 1, 8, 2, 4, '2025-05-14', 1),
(2318, 1, 8, 2, 4, '2025-05-14', 1),
(2319, 1, 8, 2, 4, '2025-05-14', 1),
(2320, 1, 8, 2, 4, '2025-05-14', 1),
(2321, 1, 8, 2, 4, '2025-05-14', 1),
(2322, 1, 8, 2, 4, '2025-05-14', 1),
(2323, 1, 8, 2, 4, '2025-05-14', 1),
(2324, 1, 8, 2, 4, '2025-05-14', 1),
(2325, 1, 8, 2, 4, '2025-05-14', 1),
(2326, 1, 8, 2, 4, '2025-05-14', 1),
(2327, 1, 8, 2, 4, '2025-05-14', 1),
(2328, 1, 8, 2, 4, '2025-05-14', 1),
(2329, 1, 8, 2, 4, '2025-05-14', 1),
(2330, 1, 8, 2, 4, '2025-05-14', 1),
(2331, 1, 8, 2, 4, '2025-05-14', 1),
(2332, 1, 8, 2, 4, '2025-05-14', 1),
(2333, 1, 8, 2, 4, '2025-05-14', 1),
(2334, 1, 8, 2, 4, '2025-05-14', 1),
(2335, 1, 8, 2, 4, '2025-05-14', 1),
(2336, 1, 8, 2, 4, '2025-05-14', 1),
(2337, 1, 8, 2, 4, '2025-05-14', 1),
(2338, 1, 8, 2, 4, '2025-05-14', 1),
(2339, 1, 8, 2, 4, '2025-05-14', 1),
(2340, 1, 8, 2, 4, '2025-05-14', 1),
(2341, 1, 8, 2, 4, '2025-05-14', 1),
(2342, 1, 8, 2, 4, '2025-05-14', 1),
(2343, 1, 8, 2, 4, '2025-05-14', 1),
(2344, 1, 8, 2, 4, '2025-05-14', 1),
(2345, 1, 8, 2, 4, '2025-05-14', 1),
(2346, 1, 8, 2, 4, '2025-05-14', 1),
(2347, 1, 8, 2, 4, '2025-05-14', 1),
(2348, 1, 8, 2, 4, '2025-05-14', 1),
(2349, 1, 8, 2, 4, '2025-05-14', 1),
(2350, 1, 8, 2, 4, '2025-05-14', 1),
(2351, 1, 8, 2, 4, '2025-05-14', 1),
(2352, 1, 8, 2, 4, '2025-05-14', 1),
(2353, 1, 8, 2, 4, '2025-05-14', 1),
(2354, 1, 8, 2, 4, '2025-05-14', 1),
(2355, 1, 8, 2, 4, '2025-05-14', 1),
(2356, 1, 8, 2, 4, '2025-05-14', 1),
(2357, 1, 8, 2, 4, '2025-05-14', 1),
(2358, 1, 8, 2, 4, '2025-05-14', 1),
(2359, 1, 8, 2, 4, '2025-05-14', 1),
(2360, 1, 8, 2, 4, '2025-05-14', 1),
(2361, 1, 8, 2, 4, '2025-05-14', 1),
(2362, 1, 8, 2, 4, '2025-05-14', 1),
(2363, 1, 8, 2, 4, '2025-05-14', 1),
(2364, 1, 8, 2, 4, '2025-05-14', 1),
(2365, 1, 8, 2, 4, '2025-05-14', 1),
(2366, 1, 8, 2, 4, '2025-05-14', 1),
(2367, 1, 8, 2, 4, '2025-05-14', 1),
(2368, 1, 8, 2, 4, '2025-05-14', 1),
(2369, 1, 8, 2, 4, '2025-05-14', 1),
(2370, 1, 8, 2, 4, '2025-05-14', 1),
(2371, 1, 8, 2, 4, '2025-05-14', 1),
(2372, 1, 8, 2, 4, '2025-05-14', 1),
(2373, 1, 8, 2, 4, '2025-05-14', 1),
(2374, 1, 8, 2, 4, '2025-05-14', 1),
(2375, 1, 8, 2, 4, '2025-05-14', 1),
(2376, 1, 8, 2, 4, '2025-05-14', 1),
(2377, 1, 8, 2, 4, '2025-05-14', 1),
(2378, 1, 8, 2, 4, '2025-05-14', 1),
(2379, 1, 8, 2, 4, '2025-05-14', 1),
(2380, 1, 8, 2, 4, '2025-05-14', 1),
(2381, 1, 8, 2, 4, '2025-05-14', 1),
(2382, 1, 8, 2, 4, '2025-05-14', 1),
(2383, 1, 8, 2, 4, '2025-05-14', 1),
(2384, 1, 8, 2, 4, '2025-05-14', 1),
(2385, 1, 8, 2, 4, '2025-05-14', 1),
(2386, 1, 8, 2, 4, '2025-05-14', 1),
(2387, 1, 8, 2, 4, '2025-05-14', 1),
(2388, 1, 8, 2, 4, '2025-05-14', 1),
(2389, 1, 8, 2, 4, '2025-05-14', 1),
(2390, 1, 8, 2, 4, '2025-05-14', 1),
(2391, 1, 8, 2, 4, '2025-05-14', 1),
(2392, 1, 8, 2, 4, '2025-05-14', 1),
(2393, 1, 8, 2, 4, '2025-05-14', 1),
(2394, 1, 8, 2, 4, '2025-05-14', 1),
(2395, 1, 8, 2, 4, '2025-05-14', 1),
(2396, 1, 11, 2, 4, '2025-05-14', 5),
(2397, 1, 11, 2, 1, '2025-05-14', 5),
(2398, 1, 11, 2, 1, '2020-02-14', 4),
(2399, 1, 11, 2, 1, '2020-02-14', 6),
(2400, 1, 11, 2, 1, '2022-01-01', 4),
(2401, 1, 11, 2, 1, '2020-10-10', 4),
(2402, 1, 11, 2, 1, '1998-10-10', 2),
(2403, 1, 11, 2, 1, '2020-10-10', 3),
(2404, 1, 8, 2, 1, '2020-01-01', 1),
(2405, 1, 11, 2, 4, '2025-10-10', 2),
(2406, 1, 11, 2, 4, '2025-02-14', 2);

-- --------------------------------------------------------

--
-- Estrutura para tabela `atestado`
--

CREATE TABLE `atestado` (
  `id_atestado` int(11) NOT NULL,
  `id_paci` int(11) NOT NULL,
  `id_medico` int(11) NOT NULL,
  `data_inicio` date NOT NULL,
  `data_fim` date NOT NULL,
  `justificativa` text DEFAULT NULL
) ENGINE=InnoDB DEFAULT CHARSET=utf8mb4 COLLATE=utf8mb4_general_ci;

--
-- Despejando dados para a tabela `atestado`
--

INSERT INTO `atestado` (`id_atestado`, `id_paci`, `id_medico`, `data_inicio`, `data_fim`, `justificativa`) VALUES
(1, 1, 1, '2025-05-01', '2025-05-07', 'Repouso por febre.'),
(2, 1, 2, '2025-05-08', '2025-05-14', 'Repouso por dor muscular.'),
(3, 1, 3, '2025-05-15', '2025-05-21', 'Repouso por recuperação pós-vacina.');

-- --------------------------------------------------------

--
-- Estrutura para tabela `campanha`
--

CREATE TABLE `campanha` (
  `id_campanha` int(11) NOT NULL,
  `nome_campanha` varchar(255) NOT NULL,
  `data_inicio` date NOT NULL,
  `data_fim` date NOT NULL,
  `imagem` varchar(255) NOT NULL,
  `descricao` text NOT NULL
) ENGINE=InnoDB DEFAULT CHARSET=utf8mb4 COLLATE=utf8mb4_general_ci;

-- --------------------------------------------------------

--
-- Estrutura para tabela `medico`
--

CREATE TABLE `medico` (
  `id_medico` int(11) NOT NULL,
  `nome_medico` varchar(100) NOT NULL,
  `cpf` varchar(11) NOT NULL,
  `email_medico` varchar(100) NOT NULL,
  `tel_medico` varchar(11) NOT NULL,
  `coren_crm` varchar(20) NOT NULL,
  `tipo_medico` varchar(50) NOT NULL,
  `naci_medico` date NOT NULL,
  `id_posto` int(11) NOT NULL,
  `senha` varchar(100) NOT NULL
) ENGINE=InnoDB DEFAULT CHARSET=utf8mb4 COLLATE=utf8mb4_general_ci;

--
-- Despejando dados para a tabela `medico`
--

INSERT INTO `medico` (`id_medico`, `nome_medico`, `cpf`, `email_medico`, `tel_medico`, `coren_crm`, `tipo_medico`, `naci_medico`, `id_posto`, `senha`) VALUES
(1, 'Dr. João', '12345678909', 'joao.medico@example.com', '11999999999', 'CRM-SP 123456', 'Clínico Geral', '1980-05-10', 11, 'senha123'),
(2, 'Dra. Maria', '98765432100', 'maria.medica@example.com', '21988888888', 'CRM-RJ 654321', 'Pediatra', '1985-08-15', 12, 'senha123'),
(3, 'Dr. Carlos', '11144477735', 'carlos.medico@example.com', '31977777777', 'COREN-MG 987654', 'Enfermeiro', '1978-12-20', 13, 'senha123');

-- --------------------------------------------------------

--
-- Estrutura para tabela `posto`
--

CREATE TABLE `posto` (
  `id_posto` int(11) NOT NULL,
  `nome_posto` varchar(100) NOT NULL,
  `cep_posto` int(8) NOT NULL,
  `n_posto` int(10) NOT NULL
) ENGINE=InnoDB DEFAULT CHARSET=utf8mb4 COLLATE=utf8mb4_general_ci;

--
-- Despejando dados para a tabela `posto`
--

INSERT INTO `posto` (`id_posto`, `nome_posto`, `cep_posto`, `n_posto`) VALUES
(1, 'Posto A', 12345678, 100),
(2, 'Posto B', 12345679, 101),
(3, 'Posto C', 12345680, 102),
(4, 'Posto D', 12345681, 103),
(5, 'Posto E', 12345682, 104),
(6, 'Posto F', 12345683, 105),
(7, 'Posto G', 12345684, 106),
(8, 'Posto H', 12345685, 107),
(9, 'Posto I', 12345686, 108),
(10, 'Posto J', 12345687, 109),
(11, 'Posto K', 12345000, 200),
(12, 'Posto L', 12345001, 201),
(13, 'Posto M', 12345002, 202);

-- --------------------------------------------------------

--
-- Estrutura para tabela `usuario`
--

CREATE TABLE `usuario` (
  `id_usuario` int(11) NOT NULL,
  `nome_usuario` varchar(100) NOT NULL,
  `cpf` varchar(11) NOT NULL,
  `email_usuario` varchar(100) NOT NULL,
  `tel_usuario` varchar(11) NOT NULL,
  `genero_usuario` char(1) NOT NULL CHECK (`genero_usuario` in ('M','F','O')),
  `naci_usuario` date NOT NULL,
  `peso_usuario` decimal(5,2) NOT NULL,
  `tipo_sang_usuario` varchar(3) NOT NULL,
  `med_usuario` varchar(100) NOT NULL,
  `doen_usuario` varchar(255) NOT NULL,
  `ale_usuario` varchar(255) NOT NULL,
  `cep_usuario` varchar(8) NOT NULL,
  `nc_usuario` int(10) NOT NULL,
  `senha` varchar(100) NOT NULL
) ENGINE=InnoDB DEFAULT CHARSET=utf8mb4 COLLATE=utf8mb4_general_ci;

--
-- Despejando dados para a tabela `usuario`
--

INSERT INTO `usuario` (`id_usuario`, `nome_usuario`, `cpf`, `email_usuario`, `tel_usuario`, `genero_usuario`, `naci_usuario`, `peso_usuario`, `tipo_sang_usuario`, `med_usuario`, `doen_usuario`, `ale_usuario`, `cep_usuario`, `nc_usuario`, `senha`) VALUES
(1, 'Rafael Favetta', '45260925840', 'rafaelfavetta@gmail.com', '19981084437', 'M', '2007-09-06', 77.00, 'A+', '', '', '', '13607030', 231, '$2y$10$7AgFK/3Cj6LkYeq2sB3OmeWAr0s7uys9zIL5C/kuPtykLhxT2bBXi'),
(2, 'Miguel Di-Tanno Viganó', '51382943857', 'miguelzin@gmail.com', '19999999999', 'M', '2007-02-20', 80.00, 'O+', '', '', '', '12600074', 211, '$2y$10$OFVLttem/NAXkhttj/x9putG92ZeO65A.0bweCIl7ilc4ptFP5xuq');

-- --------------------------------------------------------

--
-- Estrutura para tabela `vacina`
--

CREATE TABLE `vacina` (
  `id_vaci` int(11) NOT NULL,
  `nome_vaci` varchar(100) NOT NULL,
  `fabri_vaci` varchar(100) NOT NULL,
  `lote_vaci` varchar(50) NOT NULL,
  `idade_aplica` int(3) NOT NULL,
  `via_adimicao` varchar(50) NOT NULL,
  `n_dose` int(1) NOT NULL,
  `intervalo_dose` int(11) NOT NULL,
  `estoque` int(11) NOT NULL
) ENGINE=InnoDB DEFAULT CHARSET=utf8mb4 COLLATE=utf8mb4_general_ci;

--
-- Despejando dados para a tabela `vacina`
--

INSERT INTO `vacina` (`id_vaci`, `nome_vaci`, `fabri_vaci`, `lote_vaci`, `idade_aplica`, `via_adimicao`, `n_dose`, `intervalo_dose`, `estoque`) VALUES
(1, 'Vacina A', 'Fabricante A', 'Lote001', 18, 'Intramuscular', 2, 30, 100),
(2, 'Vacina B', 'Fabricante B', 'Lote002', 12, 'Subcutânea', 1, 0, 50),
(3, 'Vacina C', 'Fabricante C', 'Lote003', 60, 'Oral', 3, 60, 200),
(4, 'Rafafez', 'Rafa', '25', 10, 'Intravenoso', 2, 1, 0);

--
-- Índices para tabelas despejadas
--

--
-- Índices de tabela `aplicacao`
--
ALTER TABLE `aplicacao`
  ADD PRIMARY KEY (`id_aplica`),
  ADD KEY `id_usuario` (`id_usuario`),
  ADD KEY `id_posto` (`id_posto`),
  ADD KEY `id_medico` (`id_medico`),
  ADD KEY `id_vaci` (`id_vaci`);

--
-- Índices de tabela `atestado`
--
ALTER TABLE `atestado`
  ADD PRIMARY KEY (`id_atestado`),
  ADD KEY `id_paci` (`id_paci`),
  ADD KEY `id_medico` (`id_medico`);

--
-- Índices de tabela `campanha`
--
ALTER TABLE `campanha`
  ADD PRIMARY KEY (`id_campanha`);

--
-- Índices de tabela `medico`
--
ALTER TABLE `medico`
  ADD PRIMARY KEY (`id_medico`),
  ADD KEY `id_posto` (`id_posto`);

--
-- Índices de tabela `posto`
--
ALTER TABLE `posto`
  ADD PRIMARY KEY (`id_posto`);

--
-- Índices de tabela `usuario`
--
ALTER TABLE `usuario`
  ADD PRIMARY KEY (`id_usuario`),
  ADD UNIQUE KEY `cpf` (`cpf`);

--
-- Índices de tabela `vacina`
--
ALTER TABLE `vacina`
  ADD PRIMARY KEY (`id_vaci`);

--
-- AUTO_INCREMENT para tabelas despejadas
--

--
-- AUTO_INCREMENT de tabela `aplicacao`
--
ALTER TABLE `aplicacao`
  MODIFY `id_aplica` int(11) NOT NULL AUTO_INCREMENT, AUTO_INCREMENT=2407;

--
-- AUTO_INCREMENT de tabela `atestado`
--
ALTER TABLE `atestado`
  MODIFY `id_atestado` int(11) NOT NULL AUTO_INCREMENT, AUTO_INCREMENT=4;

--
-- AUTO_INCREMENT de tabela `campanha`
--
ALTER TABLE `campanha`
  MODIFY `id_campanha` int(11) NOT NULL AUTO_INCREMENT;

--
-- AUTO_INCREMENT de tabela `medico`
--
ALTER TABLE `medico`
  MODIFY `id_medico` int(11) NOT NULL AUTO_INCREMENT, AUTO_INCREMENT=4;

--
-- AUTO_INCREMENT de tabela `posto`
--
ALTER TABLE `posto`
  MODIFY `id_posto` int(11) NOT NULL AUTO_INCREMENT, AUTO_INCREMENT=14;

--
-- AUTO_INCREMENT de tabela `usuario`
--
ALTER TABLE `usuario`
  MODIFY `id_usuario` int(11) NOT NULL AUTO_INCREMENT, AUTO_INCREMENT=3;

--
-- AUTO_INCREMENT de tabela `vacina`
--
ALTER TABLE `vacina`
  MODIFY `id_vaci` int(11) NOT NULL AUTO_INCREMENT, AUTO_INCREMENT=5;

--
-- Restrições para tabelas despejadas
--

--
-- Restrições para tabelas `aplicacao`
--
ALTER TABLE `aplicacao`
  ADD CONSTRAINT `aplicacao_ibfk_1` FOREIGN KEY (`id_usuario`) REFERENCES `usuario` (`id_usuario`) ON DELETE CASCADE ON UPDATE CASCADE,
  ADD CONSTRAINT `aplicacao_ibfk_2` FOREIGN KEY (`id_posto`) REFERENCES `posto` (`id_posto`),
  ADD CONSTRAINT `aplicacao_ibfk_3` FOREIGN KEY (`id_medico`) REFERENCES `medico` (`id_medico`),
  ADD CONSTRAINT `aplicacao_ibfk_4` FOREIGN KEY (`id_vaci`) REFERENCES `vacina` (`id_vaci`);

--
-- Restrições para tabelas `atestado`
--
ALTER TABLE `atestado`
  ADD CONSTRAINT `atestado_ibfk_1` FOREIGN KEY (`id_paci`) REFERENCES `usuario` (`id_usuario`) ON DELETE CASCADE ON UPDATE CASCADE,
  ADD CONSTRAINT `atestado_ibfk_2` FOREIGN KEY (`id_medico`) REFERENCES `medico` (`id_medico`);

--
-- Restrições para tabelas `medico`
--
ALTER TABLE `medico`
  ADD CONSTRAINT `medico_ibfk_1` FOREIGN KEY (`id_posto`) REFERENCES `posto` (`id_posto`);
COMMIT;

/*!40101 SET CHARACTER_SET_CLIENT=@OLD_CHARACTER_SET_CLIENT */;
/*!40101 SET CHARACTER_SET_RESULTS=@OLD_CHARACTER_SET_RESULTS */;
/*!40101 SET COLLATION_CONNECTION=@OLD_COLLATION_CONNECTION */;
