-- phpMyAdmin SQL Dump
-- version 5.2.0
-- https://www.phpmyadmin.net/
--
-- Host: 127.0.0.1
-- Generation Time: Jun 16, 2025 at 08:15 PM
-- Server version: 10.4.24-MariaDB
-- PHP Version: 8.1.6

SET SQL_MODE = "NO_AUTO_VALUE_ON_ZERO";
START TRANSACTION;
SET time_zone = "+00:00";


/*!40101 SET @OLD_CHARACTER_SET_CLIENT=@@CHARACTER_SET_CLIENT */;
/*!40101 SET @OLD_CHARACTER_SET_RESULTS=@@CHARACTER_SET_RESULTS */;
/*!40101 SET @OLD_COLLATION_CONNECTION=@@COLLATION_CONNECTION */;
/*!40101 SET NAMES utf8mb4 */;

--
-- Database: `vac`
--

-- --------------------------------------------------------

--
-- Table structure for table `aplicacao`
--

CREATE TABLE `aplicacao` (
  `id_aplica` int(11) NOT NULL,
  `id_usuario` int(11) NOT NULL,
  `id_posto` int(11) NOT NULL,
  `id_medico` int(11) NOT NULL,
  `id_vaci` int(11) NOT NULL,
  `data_aplica` date NOT NULL,
  `dose_aplicad` int(1) DEFAULT NULL
) ENGINE=InnoDB DEFAULT CHARSET=utf8mb4;

--
-- Dumping data for table `aplicacao`
--

INSERT INTO `aplicacao` (`id_aplica`, `id_usuario`, `id_posto`, `id_medico`, `id_vaci`, `data_aplica`, `dose_aplicad`) VALUES
(2407, 3, 5, 3, 22, '2007-09-06', 1),
(2408, 3, 2, 1, 37, '2007-09-06', 1),
(2409, 3, 3, 3, 37, '2007-11-06', 2),
(2410, 3, 3, 3, 37, '2008-01-06', 3),
(2411, 4, 4, 3, 30, '2025-06-16', 1),
(2412, 4, 3, 3, 56, '2025-06-15', 1),
(2413, 4, 4, 2, 22, '1978-02-02', 1),
(2414, 4, 3, 2, 42, '1978-04-05', 1),
(2415, 4, 7, 2, 42, '1978-05-06', 2),
(2416, 4, 1, 2, 42, '1978-06-09', 3),
(2417, 4, 1, 1, 37, '1976-03-02', 1),
(2418, 4, 6, 2, 37, '1976-03-05', 2),
(2419, 4, 6, 3, 37, '1976-12-09', 3),
(2420, 4, 8, 3, 49, '1976-03-02', 1),
(2421, 10, 1, 1, 24, '1988-03-13', 1),
(2422, 10, 1, 1, 24, '1988-05-13', 2),
(2423, 10, 1, 1, 24, '1988-07-13', 3),
(2424, 11, 2, 2, 22, '1992-08-25', 1),
(2425, 11, 2, 2, 27, '1992-09-25', 1),
(2426, 11, 2, 2, 27, '1992-11-25', 2),
(2427, 12, 3, 3, 31, '1975-12-06', 1),
(2428, 12, 3, 3, 31, '1976-02-06', 2),
(2429, 12, 3, 3, 31, '1976-05-06', 3),
(2430, 13, 4, 1, 22, '1983-06-19', 1),
(2431, 13, 4, 1, 24, '1983-08-19', 1),
(2432, 13, 4, 1, 24, '1983-10-19', 2),
(2433, 14, 5, 2, 29, '2002-12-01', 1),
(2434, 14, 5, 2, 29, '2003-02-01', 2),
(2435, 14, 5, 2, 29, '2003-04-01', 3),
(2436, 15, 1, 1, 22, '1968-01-23', 1),
(2437, 15, 1, 1, 24, '1968-03-23', 1),
(2438, 15, 1, 1, 24, '1968-05-23', 2),
(2439, 16, 2, 2, 31, '1995-09-15', 1),
(2440, 16, 2, 2, 31, '1995-11-15', 2),
(2441, 16, 2, 2, 31, '1996-02-15', 3),
(2442, 17, 3, 3, 24, '2010-04-03', 1),
(2443, 17, 3, 3, 24, '2010-06-03', 2),
(2444, 17, 3, 3, 24, '2010-08-03', 3),
(2445, 18, 4, 1, 22, '1980-07-08', 1),
(2446, 18, 4, 1, 24, '1980-09-08', 1),
(2447, 18, 4, 1, 24, '1980-11-08', 2),
(2448, 19, 5, 2, 27, '1999-02-18', 1),
(2449, 19, 5, 2, 27, '1999-04-18', 2),
(2450, 19, 5, 2, 27, '1999-06-18', 3),
(2451, 20, 1, 1, 24, '1972-05-06', 1),
(2452, 20, 1, 1, 24, '1972-07-06', 2),
(2453, 20, 1, 1, 24, '1972-09-06', 3),
(2454, 21, 2, 2, 29, '1985-10-31', 1),
(2455, 21, 2, 2, 29, '1986-01-31', 2),
(2456, 21, 2, 2, 29, '1986-03-31', 3),
(2457, 22, 3, 3, 22, '2004-12-13', 1),
(2458, 22, 3, 3, 24, '2005-02-13', 1),
(2459, 22, 3, 3, 24, '2005-04-13', 2),
(2460, 23, 4, 1, 31, '1991-03-04', 1),
(2461, 23, 4, 1, 31, '1991-05-04', 2),
(2462, 23, 4, 1, 31, '1991-08-04', 3),
(2463, 24, 5, 2, 22, '1978-08-09', 1),
(2464, 24, 5, 2, 24, '1978-10-09', 1),
(2465, 24, 5, 2, 24, '1978-12-09', 2),
(2466, 25, 1, 1, 27, '1965-11-12', 1),
(2467, 25, 1, 1, 27, '1966-01-12', 2),
(2468, 25, 1, 1, 27, '1966-03-12', 3),
(2469, 26, 2, 2, 29, '2007-06-07', 1),
(2470, 26, 2, 2, 29, '2007-08-07', 2),
(2471, 26, 2, 2, 29, '2007-10-07', 3),
(2472, 27, 3, 3, 22, '1993-01-02', 1),
(2473, 27, 3, 3, 24, '1993-03-02', 1),
(2474, 27, 3, 3, 24, '1993-05-02', 2),
(2475, 28, 4, 1, 24, '1996-04-05', 1),
(2476, 28, 4, 1, 24, '1996-06-05', 2),
(2477, 28, 4, 1, 24, '1996-08-05', 3),
(2478, 29, 5, 2, 31, '2001-02-03', 1),
(2479, 29, 5, 2, 31, '2001-04-03', 2),
(2480, 29, 5, 2, 31, '2001-07-03', 3),
(2481, 30, 1, 1, 22, '1970-10-11', 1),
(2482, 30, 1, 1, 22, '1970-12-11', 1),
(2483, 30, 1, 1, 24, '1971-02-11', 1),
(2484, 31, 2, 2, 29, '2006-06-07', 1),
(2485, 31, 2, 2, 29, '2006-08-07', 2),
(2486, 31, 2, 2, 29, '2006-10-07', 3),
(2487, 32, 3, 3, 24, '1997-07-08', 1),
(2488, 32, 3, 3, 24, '1997-09-08', 2),
(2489, 32, 3, 3, 24, '1997-11-08', 3),
(2490, 33, 4, 1, 31, '1982-07-07', 1),
(2491, 33, 4, 1, 31, '1982-09-07', 2),
(2492, 33, 4, 1, 31, '1982-12-07', 3),
(2493, 34, 5, 2, 22, '2003-11-12', 1),
(2494, 34, 5, 2, 24, '2004-01-12', 1),
(2495, 34, 5, 2, 24, '2004-03-12', 2),
(2496, 35, 1, 1, 27, '1960-03-04', 1),
(2497, 35, 1, 1, 27, '1960-05-04', 2),
(2498, 35, 1, 1, 27, '1960-07-04', 3),
(2499, 36, 2, 2, 29, '2003-11-12', 1),
(2500, 36, 2, 2, 29, '2004-01-12', 2),
(2501, 36, 2, 2, 29, '2004-03-12', 3),
(2502, 37, 3, 3, 22, '1994-08-09', 1),
(2503, 37, 3, 3, 24, '1994-10-09', 1),
(2504, 37, 3, 3, 24, '1994-12-09', 2),
(2505, 38, 4, 1, 31, '2005-09-10', 1),
(2506, 38, 4, 1, 31, '2005-11-10', 2),
(2507, 38, 4, 1, 31, '2006-02-10', 3),
(2508, 39, 5, 2, 24, '2000-01-02', 1),
(2509, 39, 5, 2, 24, '2000-03-02', 2),
(2510, 39, 5, 2, 24, '2000-05-02', 3),
(2765, 5, 16, 4, 22, '1988-03-13', 1),
(2766, 5, 16, 4, 24, '1988-05-12', 1),
(2767, 5, 16, 4, 24, '1988-07-12', 2),
(2768, 5, 16, 4, 24, '1988-09-12', 3),
(2769, 5, 16, 4, 31, '1988-07-12', 1),
(2770, 5, 16, 4, 40, '1989-03-12', 1),
(2771, 6, 14, 5, 22, '1992-08-25', 1),
(2772, 6, 14, 5, 24, '1992-10-24', 1),
(2773, 6, 14, 5, 24, '1992-12-24', 2),
(2774, 6, 14, 5, 31, '1992-12-24', 1),
(2775, 6, 14, 5, 31, '1993-04-24', 2),
(2776, 6, 14, 5, 40, '1993-08-24', 1),
(2777, 7, 15, 6, 22, '1975-12-06', 1),
(2778, 7, 15, 6, 24, '1976-02-05', 1),
(2779, 7, 15, 6, 24, '1976-04-05', 2),
(2780, 7, 15, 6, 24, '1976-06-05', 3),
(2781, 7, 15, 6, 31, '1976-04-05', 1),
(2782, 7, 15, 6, 40, '1976-12-05', 1),
(2783, 8, 16, 7, 22, '1983-06-19', 1),
(2784, 8, 16, 7, 24, '1983-08-18', 1),
(2785, 8, 16, 7, 24, '1983-10-18', 2),
(2786, 8, 16, 7, 31, '1983-10-18', 1),
(2787, 8, 16, 7, 40, '1984-06-18', 1),
(2788, 9, 14, 8, 22, '2002-12-01', 1),
(2789, 9, 14, 8, 24, '2003-01-30', 1),
(2790, 9, 14, 8, 24, '2003-03-30', 2),
(2791, 9, 14, 8, 24, '2003-05-30', 3),
(2792, 9, 14, 8, 31, '2003-03-30', 1),
(2793, 9, 14, 8, 31, '2003-07-30', 2),
(2794, 10, 15, 9, 22, '1968-01-23', 1),
(2795, 10, 15, 9, 24, '1968-03-22', 1),
(2796, 10, 15, 9, 24, '1968-05-22', 2),
(2797, 10, 15, 9, 31, '1968-05-22', 1),
(2798, 10, 15, 9, 40, '1969-01-22', 1),
(2799, 11, 16, 10, 22, '1995-09-15', 1),
(2800, 11, 16, 10, 24, '1995-11-14', 1),
(2801, 11, 16, 10, 24, '1996-01-14', 2),
(2802, 11, 16, 10, 24, '1996-03-14', 3),
(2803, 11, 16, 10, 31, '1996-01-14', 1),
(2804, 11, 16, 10, 40, '1996-09-14', 1),
(2805, 12, 14, 11, 22, '2010-04-03', 1),
(2806, 12, 14, 11, 24, '2010-06-02', 1),
(2807, 12, 14, 11, 24, '2010-08-02', 2),
(2808, 12, 14, 11, 31, '2010-08-02', 1),
(2809, 12, 14, 11, 31, '2010-12-02', 2),
(2810, 13, 15, 12, 22, '1980-07-08', 1),
(2811, 13, 15, 12, 24, '1980-09-07', 1),
(2812, 13, 15, 12, 24, '1980-11-07', 2),
(2813, 13, 15, 12, 24, '1981-01-07', 3),
(2814, 13, 15, 12, 31, '1980-11-07', 1),
(2815, 13, 15, 12, 40, '1981-07-07', 1),
(2816, 14, 16, 13, 22, '1999-02-18', 1),
(2817, 14, 16, 13, 24, '1999-04-17', 1),
(2818, 14, 16, 13, 24, '1999-06-17', 2),
(2819, 14, 16, 13, 31, '1999-06-17', 1),
(2820, 14, 16, 13, 40, '2000-02-17', 1),
(2821, 15, 14, 14, 22, '1972-05-06', 1),
(2822, 15, 14, 14, 24, '1972-07-05', 1),
(2823, 15, 14, 14, 24, '1972-09-05', 2),
(2824, 15, 14, 14, 24, '1972-11-05', 3),
(2825, 15, 14, 14, 31, '1972-09-05', 1),
(2826, 15, 14, 14, 31, '1973-01-05', 2),
(2827, 15, 14, 14, 40, '1973-05-05', 1),
(2828, 16, 15, 15, 22, '1985-10-31', 1),
(2829, 16, 15, 15, 24, '1985-12-30', 1),
(2830, 16, 15, 15, 24, '1986-02-28', 2),
(2831, 16, 15, 15, 31, '1986-02-28', 1),
(2832, 16, 15, 15, 40, '1986-10-30', 1),
(2833, 17, 16, 16, 22, '2004-12-13', 1),
(2834, 17, 16, 16, 24, '2005-02-12', 1),
(2835, 17, 16, 16, 24, '2005-04-12', 2),
(2836, 17, 16, 16, 24, '2005-06-12', 3),
(2837, 17, 16, 16, 31, '2005-04-12', 1),
(2838, 18, 14, 17, 22, '1991-03-04', 1),
(2839, 18, 14, 17, 24, '1991-05-03', 1),
(2840, 18, 14, 17, 24, '1991-07-03', 2),
(2841, 18, 14, 17, 31, '1991-07-03', 1),
(2842, 18, 14, 17, 31, '1991-11-03', 2),
(2843, 18, 14, 17, 40, '1992-03-03', 1),
(2844, 19, 15, 18, 22, '1978-08-09', 1),
(2845, 19, 15, 18, 24, '1978-10-08', 1),
(2846, 19, 15, 18, 24, '1978-12-08', 2),
(2847, 19, 15, 18, 24, '1979-02-08', 3),
(2848, 19, 15, 18, 31, '1978-12-08', 1),
(2849, 19, 15, 18, 40, '1979-08-08', 1),
(2850, 20, 16, 19, 22, '1965-11-12', 1),
(2851, 20, 16, 19, 24, '1966-01-11', 1),
(2852, 20, 16, 19, 24, '1966-03-11', 2),
(2853, 20, 16, 19, 31, '1966-03-11', 1),
(2854, 20, 16, 19, 40, '1966-11-11', 1),
(2855, 21, 14, 20, 22, '2007-06-07', 1),
(2856, 21, 14, 20, 24, '2007-08-06', 1),
(2857, 21, 14, 20, 24, '2007-10-06', 2),
(2858, 21, 14, 20, 24, '2007-12-06', 3),
(2859, 21, 14, 20, 31, '2007-10-06', 1),
(2860, 21, 14, 20, 31, '2008-02-06', 2),
(2861, 22, 15, 21, 22, '1993-01-02', 1),
(2862, 22, 15, 21, 24, '1993-03-01', 1),
(2863, 22, 15, 21, 24, '1993-05-01', 2),
(2864, 22, 15, 21, 31, '1993-05-01', 1),
(2865, 22, 15, 21, 40, '1994-01-01', 1),
(2866, 23, 16, 4, 22, '1987-09-10', 1),
(2867, 23, 16, 4, 24, '1987-11-09', 1),
(2868, 23, 16, 4, 24, '1988-01-09', 2),
(2869, 23, 16, 4, 24, '1988-03-09', 3),
(2870, 23, 16, 4, 31, '1988-01-09', 1),
(2871, 23, 16, 4, 40, '1988-09-09', 1),
(2872, 24, 14, 5, 22, '1996-04-05', 1),
(2873, 24, 14, 5, 24, '1996-06-04', 1),
(2874, 24, 14, 5, 24, '1996-08-04', 2),
(2875, 24, 14, 5, 31, '1996-08-04', 1),
(2876, 24, 14, 5, 31, '1996-12-04', 2),
(2877, 24, 14, 5, 40, '1997-04-04', 1),
(2878, 25, 15, 6, 22, '1970-10-11', 1),
(2879, 25, 15, 6, 24, '1970-12-10', 1),
(2880, 25, 15, 6, 24, '1971-02-10', 2),
(2881, 25, 15, 6, 24, '1971-04-10', 3),
(2882, 25, 15, 6, 31, '1971-02-10', 1),
(2883, 25, 15, 6, 40, '1971-10-10', 1),
(2884, 26, 16, 7, 22, '2001-02-03', 1),
(2885, 26, 16, 7, 24, '2001-04-02', 1),
(2886, 26, 16, 7, 24, '2001-06-02', 2),
(2887, 26, 16, 7, 31, '2001-06-02', 1),
(2888, 27, 14, 8, 22, '1982-07-08', 1),
(2889, 27, 14, 8, 24, '1982-09-07', 1),
(2890, 27, 14, 8, 24, '1982-11-07', 2),
(2891, 27, 14, 8, 24, '1983-01-07', 3),
(2892, 27, 14, 8, 31, '1982-11-07', 1),
(2893, 27, 14, 8, 31, '1983-03-07', 2),
(2894, 27, 14, 8, 40, '1983-07-07', 1),
(2895, 28, 15, 9, 22, '1998-05-06', 1),
(2896, 28, 15, 9, 24, '1998-07-05', 1),
(2897, 28, 15, 9, 24, '1998-09-05', 2),
(2898, 28, 15, 9, 31, '1998-09-05', 1),
(2899, 28, 15, 9, 40, '1999-05-05', 1),
(2900, 29, 16, 10, 22, '1960-03-04', 1),
(2901, 29, 16, 10, 24, '1960-05-03', 1),
(2902, 29, 16, 10, 24, '1960-07-03', 2),
(2903, 29, 16, 10, 24, '1960-09-03', 3),
(2904, 29, 16, 10, 31, '1960-07-03', 1),
(2905, 29, 16, 10, 40, '1961-03-03', 1),
(2906, 30, 14, 11, 22, '2003-11-12', 1),
(2907, 30, 14, 11, 24, '2004-01-11', 1),
(2908, 30, 14, 11, 24, '2004-03-11', 2),
(2909, 30, 14, 11, 31, '2004-03-11', 1),
(2910, 30, 14, 11, 31, '2004-07-11', 2),
(2911, 31, 15, 12, 22, '1989-02-03', 1),
(2912, 31, 15, 12, 24, '1989-04-02', 1),
(2913, 31, 15, 12, 24, '1989-06-02', 2),
(2914, 31, 15, 12, 24, '1989-08-02', 3),
(2915, 31, 15, 12, 31, '1989-06-02', 1),
(2916, 31, 15, 12, 40, '1990-02-02', 1),
(2917, 32, 16, 13, 22, '1994-08-09', 1),
(2918, 32, 16, 13, 24, '1994-10-08', 1),
(2919, 32, 16, 13, 24, '1994-12-08', 2),
(2920, 32, 16, 13, 31, '1994-12-08', 1),
(2921, 32, 16, 13, 40, '1995-08-08', 1),
(2922, 33, 14, 14, 22, '1979-01-02', 1),
(2923, 33, 14, 14, 24, '1979-03-01', 1),
(2924, 33, 14, 14, 24, '1979-05-01', 2),
(2925, 33, 14, 14, 24, '1979-07-01', 3),
(2926, 33, 14, 14, 31, '1979-05-01', 1),
(2927, 33, 14, 14, 31, '1979-09-01', 2),
(2928, 33, 14, 14, 40, '1980-01-01', 1),
(2929, 34, 15, 15, 22, '2006-06-07', 1),
(2930, 34, 15, 15, 24, '2006-08-06', 1),
(2931, 34, 15, 15, 24, '2006-10-06', 2),
(2932, 34, 15, 15, 31, '2006-10-06', 1),
(2933, 35, 16, 16, 22, '1990-12-13', 1),
(2934, 35, 16, 16, 24, '1991-02-12', 1),
(2935, 35, 16, 16, 24, '1991-04-12', 2),
(2936, 35, 16, 16, 24, '1991-06-12', 3),
(2937, 35, 16, 16, 31, '1991-04-12', 1),
(2938, 35, 16, 16, 40, '1991-12-12', 1),
(2939, 36, 14, 17, 22, '1981-03-04', 1),
(2940, 36, 14, 17, 24, '1981-05-03', 1),
(2941, 36, 14, 17, 24, '1981-07-03', 2),
(2942, 36, 14, 17, 31, '1981-07-03', 1),
(2943, 36, 14, 17, 31, '1981-11-03', 2),
(2944, 36, 14, 17, 40, '1982-03-03', 1),
(2945, 37, 15, 18, 22, '2005-09-10', 1),
(2946, 37, 15, 18, 24, '2005-11-09', 1),
(2947, 37, 15, 18, 24, '2006-01-09', 2),
(2948, 37, 15, 18, 24, '2006-03-09', 3),
(2949, 37, 15, 18, 31, '2006-01-09', 1),
(2950, 38, 16, 19, 22, '1997-07-08', 1),
(2951, 38, 16, 19, 24, '1997-09-07', 1),
(2952, 38, 16, 19, 24, '1997-11-07', 2),
(2953, 38, 16, 19, 31, '1997-11-07', 1),
(2954, 38, 16, 19, 40, '1998-07-07', 1),
(2955, 39, 14, 20, 22, '1964-10-11', 1),
(2956, 39, 14, 20, 24, '1964-12-10', 1),
(2957, 39, 14, 20, 24, '1965-02-10', 2),
(2958, 39, 14, 20, 24, '1965-04-10', 3),
(2959, 39, 14, 20, 31, '1965-02-10', 1),
(2960, 39, 14, 20, 31, '1965-06-10', 2),
(2961, 39, 14, 20, 40, '1965-10-10', 1),
(2962, 40, 15, 21, 22, '2000-01-02', 1),
(2963, 40, 15, 21, 24, '2000-03-01', 1),
(2964, 40, 15, 21, 24, '2000-05-01', 2),
(2965, 40, 15, 21, 31, '2000-05-01', 1),
(2966, 41, 16, 4, 22, '1985-04-21', 1),
(2967, 41, 16, 4, 24, '1985-06-20', 1),
(2968, 41, 16, 4, 24, '1985-08-20', 2),
(2969, 41, 16, 4, 24, '1985-10-20', 3),
(2970, 41, 16, 4, 31, '1985-08-20', 1),
(2971, 41, 16, 4, 40, '1986-04-20', 1),
(2972, 42, 14, 5, 22, '1990-11-06', 1),
(2973, 42, 14, 5, 24, '1991-01-05', 1),
(2974, 42, 14, 5, 24, '1991-03-05', 2),
(2975, 42, 14, 5, 31, '1991-03-05', 1),
(2976, 42, 14, 5, 31, '1991-07-05', 2),
(2977, 42, 14, 5, 40, '1991-11-05', 1),
(2978, 43, 15, 6, 22, '1978-07-17', 1),
(2979, 43, 15, 6, 24, '1978-09-16', 1),
(2980, 43, 15, 6, 24, '1978-11-16', 2),
(2981, 43, 15, 6, 24, '1979-01-16', 3),
(2982, 43, 15, 6, 31, '1978-11-16', 1),
(2983, 43, 15, 6, 40, '1979-07-16', 1),
(2984, 44, 16, 7, 22, '1995-02-23', 1),
(2985, 44, 16, 7, 24, '1995-04-22', 1),
(2986, 44, 16, 7, 24, '1995-06-22', 2),
(2987, 44, 16, 7, 31, '1995-06-22', 1),
(2988, 44, 16, 7, 40, '1996-02-22', 1),
(2989, 45, 14, 8, 22, '2002-12-31', 1),
(2990, 45, 14, 8, 24, '2003-02-28', 1),
(2991, 45, 14, 8, 24, '2003-04-30', 2),
(2992, 45, 14, 8, 24, '2003-06-30', 3),
(2993, 45, 14, 8, 31, '2003-04-30', 1),
(2994, 45, 14, 8, 31, '2003-08-30', 2),
(2995, 46, 15, 9, 22, '1983-08-10', 1),
(2996, 46, 15, 9, 24, '1983-10-09', 1),
(2997, 46, 15, 9, 24, '1983-12-09', 2),
(2998, 46, 15, 9, 31, '1983-12-09', 1),
(2999, 46, 15, 9, 40, '1984-08-09', 1),
(3000, 47, 16, 10, 22, '1971-03-18', 1),
(3001, 47, 16, 10, 24, '1971-05-17', 1),
(3002, 47, 16, 10, 24, '1971-07-17', 2),
(3003, 47, 16, 10, 24, '1971-09-17', 3),
(3004, 47, 16, 10, 31, '1971-07-17', 1),
(3005, 47, 16, 10, 40, '1972-03-17', 1),
(3006, 48, 14, 11, 22, '2008-09-10', 1),
(3007, 48, 14, 11, 24, '2008-11-09', 1),
(3008, 48, 14, 11, 24, '2009-01-09', 2),
(3009, 48, 14, 11, 31, '2009-01-09', 1),
(3010, 48, 14, 11, 31, '2009-05-09', 2),
(3011, 49, 15, 12, 22, '1992-01-02', 1),
(3012, 49, 15, 12, 24, '1992-03-01', 1),
(3013, 49, 15, 12, 24, '1992-05-01', 2),
(3014, 49, 15, 12, 24, '1992-07-01', 3),
(3015, 49, 15, 12, 31, '1992-05-01', 1),
(3016, 49, 15, 12, 40, '1993-01-01', 1),
(3017, 50, 16, 13, 22, '1988-06-26', 1),
(3018, 50, 16, 13, 24, '1988-08-25', 1),
(3019, 50, 16, 13, 24, '1988-10-25', 2),
(3020, 50, 16, 13, 31, '1988-10-25', 1),
(3021, 50, 16, 13, 40, '1989-06-25', 1),
(3022, 51, 14, 14, 22, '1974-10-13', 1),
(3023, 51, 14, 14, 24, '1974-12-12', 1),
(3024, 51, 14, 14, 24, '1975-02-12', 2),
(3025, 51, 14, 14, 24, '1975-04-12', 3),
(3026, 51, 14, 14, 31, '1975-02-12', 1),
(3027, 51, 14, 14, 31, '1975-06-12', 2),
(3028, 51, 14, 14, 40, '1975-10-12', 1),
(3029, 52, 15, 15, 22, '1997-05-06', 1),
(3030, 52, 15, 15, 24, '1997-07-05', 1),
(3031, 52, 15, 15, 24, '1997-09-05', 2),
(3032, 52, 15, 15, 31, '1997-09-05', 1),
(3033, 52, 15, 15, 40, '1998-05-05', 1),
(3034, 53, 16, 16, 22, '2000-11-12', 1),
(3035, 53, 16, 16, 24, '2001-01-11', 1),
(3036, 53, 16, 16, 24, '2001-03-11', 2),
(3037, 53, 16, 16, 24, '2001-05-11', 3),
(3038, 53, 16, 16, 31, '2001-03-11', 1),
(3039, 54, 14, 17, 22, '1965-12-31', 1),
(3040, 54, 14, 17, 24, '1966-02-28', 1),
(3041, 54, 14, 17, 24, '1966-04-30', 2),
(3042, 54, 14, 17, 31, '1966-04-30', 1),
(3043, 54, 14, 17, 31, '1966-08-30', 2),
(3044, 54, 14, 17, 40, '1966-12-30', 1),
(3045, 55, 15, 18, 22, '1981-03-04', 1),
(3046, 55, 15, 18, 24, '1981-05-03', 1),
(3047, 55, 15, 18, 24, '1981-07-03', 2),
(3048, 55, 15, 18, 24, '1981-09-03', 3),
(3049, 55, 15, 18, 31, '1981-07-03', 1),
(3050, 55, 15, 18, 40, '1982-03-03', 1),
(3051, 56, 16, 19, 22, '1994-07-08', 1),
(3052, 56, 16, 19, 24, '1994-09-07', 1),
(3053, 56, 16, 19, 24, '1994-11-07', 2),
(3054, 56, 16, 19, 31, '1994-11-07', 1),
(3055, 56, 16, 19, 40, '1995-07-07', 1),
(3056, 57, 14, 20, 22, '2005-04-05', 1),
(3057, 57, 14, 20, 24, '2005-06-04', 1),
(3058, 57, 14, 20, 24, '2005-08-04', 2),
(3059, 57, 14, 20, 24, '2005-10-04', 3),
(3060, 57, 14, 20, 31, '2005-08-04', 1),
(3061, 57, 14, 20, 31, '2005-12-04', 2),
(3062, 58, 15, 21, 22, '1979-09-10', 1),
(3063, 58, 15, 21, 24, '1979-11-09', 1),
(3064, 58, 15, 21, 24, '1980-01-09', 2),
(3065, 58, 15, 21, 31, '1980-01-09', 1),
(3066, 58, 15, 21, 40, '1980-09-09', 1),
(3067, 59, 16, 4, 22, '1993-02-03', 1),
(3068, 59, 16, 4, 24, '1993-04-02', 1),
(3069, 59, 16, 4, 24, '1993-06-02', 2),
(3070, 59, 16, 4, 24, '1993-08-02', 3),
(3071, 59, 16, 4, 31, '1993-06-02', 1),
(3072, 59, 16, 4, 40, '1994-02-02', 1),
(3073, 60, 14, 5, 22, '1986-05-16', 1),
(3074, 60, 14, 5, 24, '1986-07-15', 1),
(3075, 60, 14, 5, 24, '1986-09-15', 2),
(3076, 60, 14, 5, 31, '1986-09-15', 1),
(3077, 60, 14, 5, 31, '1987-01-15', 2),
(3078, 60, 14, 5, 40, '1987-05-15', 1),
(3079, 61, 15, 6, 22, '1977-08-09', 1),
(3080, 61, 15, 6, 24, '1977-10-08', 1),
(3081, 61, 15, 6, 24, '1977-12-08', 2),
(3082, 61, 15, 6, 24, '1978-02-08', 3),
(3083, 61, 15, 6, 31, '1977-12-08', 1),
(3084, 61, 15, 6, 40, '1978-08-08', 1),
(3085, 62, 16, 7, 22, '2003-12-13', 1),
(3086, 62, 16, 7, 24, '2004-02-12', 1),
(3087, 62, 16, 7, 24, '2004-04-12', 2),
(3088, 62, 16, 7, 31, '2004-04-12', 1),
(3089, 63, 14, 8, 22, '1962-11-12', 1),
(3090, 63, 14, 8, 24, '1963-01-11', 1),
(3091, 63, 14, 8, 24, '1963-03-11', 2),
(3092, 63, 14, 8, 24, '1963-05-11', 3),
(3093, 63, 14, 8, 31, '1963-03-11', 1),
(3094, 63, 14, 8, 31, '1963-07-11', 2),
(3095, 63, 14, 8, 40, '1963-11-11', 1),
(3096, 64, 15, 9, 22, '1989-03-04', 1),
(3097, 64, 15, 9, 24, '1989-05-03', 1),
(3098, 64, 15, 9, 24, '1989-07-03', 2),
(3099, 64, 15, 9, 31, '1989-07-03', 1),
(3100, 64, 15, 9, 40, '1990-03-03', 1),
(3101, 65, 16, 10, 22, '1991-07-08', 1),
(3102, 65, 16, 10, 24, '1991-09-07', 1),
(3103, 65, 16, 10, 24, '1991-11-07', 2),
(3104, 65, 16, 10, 24, '1992-01-07', 3),
(3105, 65, 16, 10, 31, '1991-11-07', 1),
(3106, 65, 16, 10, 40, '1992-07-07', 1),
(3107, 66, 14, 11, 22, '1973-01-02', 1),
(3108, 66, 14, 11, 24, '1973-03-01', 1),
(3109, 66, 14, 11, 24, '1973-05-01', 2),
(3110, 66, 14, 11, 31, '1973-05-01', 1),
(3111, 66, 14, 11, 31, '1973-09-01', 2),
(3112, 66, 14, 11, 40, '1974-01-01', 1),
(3113, 67, 15, 12, 22, '1984-06-07', 1),
(3114, 67, 15, 12, 24, '1984-08-06', 1),
(3115, 67, 15, 12, 24, '1984-10-06', 2),
(3116, 67, 15, 12, 24, '1984-12-06', 3),
(3117, 67, 15, 12, 31, '1984-10-06', 1),
(3118, 67, 15, 12, 40, '1985-06-06', 1),
(3119, 68, 16, 13, 22, '2006-09-10', 1),
(3120, 68, 16, 13, 24, '2006-11-09', 1),
(3121, 68, 16, 13, 24, '2007-01-09', 2),
(3122, 68, 16, 13, 31, '2007-01-09', 1),
(3123, 69, 14, 14, 22, '1958-02-03', 1),
(3124, 69, 14, 14, 24, '1958-04-02', 1),
(3125, 69, 14, 14, 24, '1958-06-02', 2),
(3126, 69, 14, 14, 24, '1958-08-02', 3),
(3127, 69, 14, 14, 31, '1958-06-02', 1),
(3128, 69, 14, 14, 31, '1958-10-02', 2),
(3129, 69, 14, 14, 40, '1959-02-02', 1),
(3146, 70, 14, 22, 22, '1966-06-17', 1),
(3147, 70, 14, 22, 24, '1966-08-16', 1),
(3148, 70, 14, 22, 24, '1966-10-16', 2),
(3149, 70, 14, 22, 24, '1966-12-16', 3),
(3150, 70, 14, 22, 25, '1966-08-16', 1),
(3151, 70, 14, 22, 25, '1966-10-16', 2),
(3152, 70, 14, 22, 25, '1966-12-16', 3),
(3153, 70, 14, 22, 27, '1966-09-16', 1),
(3154, 70, 14, 22, 29, '1966-08-16', 1),
(3155, 70, 14, 22, 29, '1966-10-16', 2),
(3156, 70, 14, 22, 29, '1966-12-16', 3),
(3157, 70, 14, 22, 31, '1967-02-16', 1),
(3158, 70, 14, 22, 31, '1967-05-16', 2),
(3159, 70, 14, 22, 39, '2023-06-16', 1),
(3160, 70, 14, 22, 39, '2023-09-16', 2),
(3161, 70, 14, 22, 39, '2023-12-16', 3),
(3162, 70, 14, 22, 40, '2024-06-16', 1),
(3169, 73, 14, 22, 22, '1966-06-17', 1),
(3170, 73, 14, 22, 24, '1966-08-16', 1),
(3171, 73, 14, 22, 24, '1966-10-16', 2),
(3172, 73, 14, 22, 24, '1966-12-16', 3),
(3173, 73, 14, 22, 25, '1966-08-16', 1),
(3174, 73, 14, 22, 25, '1966-10-16', 2),
(3175, 73, 14, 22, 25, '1966-12-16', 3),
(3176, 73, 14, 22, 27, '1966-09-16', 1),
(3177, 73, 14, 22, 29, '1966-08-16', 1),
(3178, 73, 14, 22, 29, '1966-10-16', 2),
(3179, 73, 14, 22, 29, '1966-12-16', 3),
(3180, 73, 14, 22, 30, '1980-03-01', 1),
(3181, 73, 14, 22, 31, '1967-02-16', 1),
(3182, 73, 14, 22, 31, '1967-05-16', 2),
(3183, 73, 14, 22, 33, '1967-01-16', 1),
(3184, 73, 14, 22, 34, '1967-06-16', 1),
(3185, 73, 14, 22, 35, '1981-01-01', 1),
(3186, 73, 14, 22, 35, '1981-07-01', 2),
(3187, 73, 14, 22, 37, '1968-09-25', 1),
(3188, 73, 14, 22, 39, '2023-06-16', 1),
(3189, 73, 14, 22, 39, '2023-09-16', 2),
(3190, 73, 14, 22, 39, '2023-12-16', 3),
(3191, 73, 14, 22, 40, '2024-06-16', 1),
(3192, 73, 14, 22, 41, '2024-02-10', 1),
(3193, 73, 14, 22, 42, '1966-06-18', 1),
(3194, 73, 14, 22, 42, '1966-08-18', 2),
(3195, 73, 14, 22, 42, '1966-10-18', 3),
(3196, 73, 14, 22, 49, '1967-03-01', 1),
(3197, 73, 14, 22, 49, '1967-05-01', 2),
(3198, 73, 14, 22, 50, '1967-08-01', 1),
(3199, 73, 14, 22, 51, '2023-07-01', 1),
(3200, 73, 14, 22, 56, '2024-03-01', 1),
(3201, 73, 14, 22, 57, '2024-04-15', 1),
(3202, 73, 14, 22, 58, '2024-05-10', 1),
(3203, 73, 14, 22, 59, '2024-06-01', 1),
(3204, 73, 14, 22, 63, '1968-10-10', 1),
(3205, 73, 14, 22, 64, '2024-06-10', 1),
(3206, 3, 14, 1, 22, '2007-09-07', 1),
(3207, 3, 14, 2, 24, '2007-11-07', 1),
(3208, 3, 15, 2, 24, '2008-01-07', 2),
(3209, 3, 15, 2, 24, '2008-03-07', 3),
(3210, 3, 16, 2, 25, '2007-11-07', 1),
(3211, 3, 16, 2, 25, '2008-01-07', 2),
(3212, 3, 16, 2, 25, '2008-03-07', 3),
(3213, 3, 14, 1, 27, '2008-02-07', 1),
(3214, 3, 14, 1, 27, '2008-04-07', 2),
(3215, 3, 15, 3, 29, '2007-12-01', 1),
(3216, 3, 15, 3, 29, '2008-02-01', 2),
(3217, 3, 14, 2, 31, '2008-09-06', 1),
(3218, 3, 15, 2, 31, '2009-01-06', 2),
(3219, 3, 14, 2, 33, '2009-03-06', 1),
(3220, 3, 14, 2, 33, '2009-09-06', 2),
(3221, 3, 14, 3, 35, '2016-09-06', 1),
(3222, 3, 14, 3, 35, '2017-03-06', 2),
(3223, 3, 15, 1, 37, '2008-10-01', 1),
(3224, 3, 15, 1, 37, '2008-12-01', 2),
(3225, 3, 15, 1, 37, '2009-02-01', 3),
(3226, 3, 14, 2, 42, '2007-09-06', 1),
(3227, 3, 14, 2, 42, '2007-11-06', 2),
(3228, 3, 14, 2, 42, '2008-01-06', 3),
(3229, 3, 14, 3, 50, '2009-02-06', 1),
(3230, 3, 14, 3, 50, '2009-06-06', 2),
(3231, 3, 15, 1, 63, '2008-05-01', 1),
(3232, 3, 15, 1, 63, '2008-07-01', 2),
(3233, 2, 15, 3, 22, '2007-02-21', 1),
(3234, 2, 16, 2, 24, '2007-04-20', 1),
(3235, 2, 16, 2, 24, '2007-06-20', 2),
(3236, 2, 16, 2, 24, '2007-08-20', 3),
(3237, 2, 14, 2, 25, '2007-04-20', 1),
(3238, 2, 14, 2, 25, '2007-06-20', 2),
(3239, 2, 14, 2, 25, '2007-08-20', 3),
(3240, 2, 14, 2, 27, '2007-04-20', 1),
(3241, 2, 14, 2, 27, '2007-06-20', 2),
(3242, 2, 15, 1, 29, '2007-05-01', 1),
(3243, 2, 15, 1, 29, '2007-07-01', 2),
(3244, 2, 14, 3, 31, '2008-02-20', 1),
(3245, 2, 14, 3, 31, '2008-06-20', 2),
(3246, 2, 15, 3, 33, '2008-08-20', 1),
(3247, 2, 15, 3, 33, '2009-02-20', 2),
(3248, 2, 16, 3, 34, '2008-10-20', 1),
(3249, 2, 16, 3, 34, '2009-10-20', 2),
(3250, 2, 14, 3, 35, '2016-02-20', 1),
(3251, 2, 14, 3, 35, '2016-08-20', 2),
(3252, 2, 14, 3, 37, '2008-04-01', 1),
(3253, 2, 14, 3, 37, '2008-06-01', 2),
(3254, 2, 14, 3, 37, '2008-08-01', 3),
(3255, 2, 14, 3, 42, '2007-02-21', 1),
(3256, 2, 14, 3, 42, '2007-04-21', 2),
(3257, 2, 14, 3, 42, '2007-06-21', 3),
(3258, 2, 14, 3, 50, '2009-02-20', 1),
(3259, 2, 14, 3, 50, '2009-06-20', 2),
(3260, 2, 14, 3, 63, '2008-05-01', 1),
(3261, 2, 14, 3, 63, '2008-07-01', 2),
(3262, 2, 14, 3, 64, '2023-02-01', 1);

-- --------------------------------------------------------

--
-- Table structure for table `atestado`
--

CREATE TABLE `atestado` (
  `id_atestado` int(11) NOT NULL,
  `id_paci` int(11) NOT NULL,
  `id_medico` int(11) NOT NULL,
  `data_inicio` date NOT NULL,
  `data_fim` date NOT NULL,
  `justificativa` text DEFAULT NULL
) ENGINE=InnoDB DEFAULT CHARSET=utf8mb4;

--
-- Dumping data for table `atestado`
--

INSERT INTO `atestado` (`id_atestado`, `id_paci`, `id_medico`, `data_inicio`, `data_fim`, `justificativa`) VALUES
(4, 3, 2, '2025-06-15', '2025-06-28', 'Repouso por dores no músculo posterior da coxa'),
(5, 3, 2, '2024-04-12', '2024-05-12', 'O paciente foi submetido à uma cirurgia que requer repouso imediato'),
(6, 4, 3, '2025-06-15', '2025-06-15', 'Tomou a vicina da dengue'),
(7, 12, 3, '2025-04-01', '2025-04-05', 'Influenza forte, repouso e hidratação'),
(8, 15, 1, '2025-02-20', '2025-02-25', 'Gastrenterite aguda, dieta líquida'),
(9, 18, 2, '2025-03-15', '2025-03-20', 'Entorse no punho esquerdo'),
(10, 21, 1, '2025-05-05', '2025-05-12', 'Alergia severa a pólen, medicação e repouso'),
(11, 29, 3, '2025-01-10', '2025-01-17', 'Febre tifoide leve, antibiótico'),
(12, 34, 2, '2025-06-01', '2025-06-08', 'Crise asmática, inalações'),
(13, 5, 4, '2025-01-05', '2025-01-10', 'Fadiga crônica, repouso recomendado'),
(14, 10, 5, '2025-02-12', '2025-02-15', 'Tensão muscular lombar, fisioterapia leve'),
(15, 15, 6, '2025-03-02', '2025-03-06', 'Cefaleia intensa, repouso em ambiente escuro'),
(16, 20, 7, '2025-04-10', '2025-04-14', 'Estresse ocupacional, pausa para saúde mental'),
(17, 25, 8, '2025-05-01', '2025-05-04', 'Dor lombar aguda, evitar esforço físico'),
(18, 30, 9, '2025-01-20', '2025-01-25', 'Gripe forte, isolamento e hidratação'),
(19, 35, 10, '2025-02-18', '2025-02-22', 'Virose estomacal, dieta líquida'),
(20, 40, 11, '2025-03-15', '2025-03-19', 'Febre alta persistente, monitoramento'),
(21, 45, 12, '2025-04-05', '2025-04-09', 'Resfriado severo, repouso absoluto'),
(22, 50, 13, '2025-05-12', '2025-05-16', 'Infecção viral respiratória, inalações'),
(23, 55, 14, '2025-01-08', '2025-01-12', 'Entorse de tornozelo direito, evitar caminhada'),
(24, 60, 15, '2025-02-25', '2025-03-01', 'Contusão no ombro esquerdo, fisioterapia'),
(25, 65, 16, '2025-03-30', '2025-04-04', 'Distensão muscular, alongamentos leves'),
(26, 69, 17, '2025-04-22', '2025-04-27', 'Queda doméstica, imobilização leve'),
(27, 8, 18, '2025-05-18', '2025-05-22', 'Lesão por esforço repetitivo, repouso'),
(28, 12, 19, '2025-01-15', '2025-01-19', 'Crise alérgica a pólen, medicação contínua'),
(29, 18, 20, '2025-02-10', '2025-02-14', 'Asma brônquica, uso de broncodilatador'),
(30, 24, 21, '2025-03-08', '2025-03-12', 'Dermatite de contato, evitar alérgenos'),
(31, 32, 4, '2025-04-02', '2025-04-06', 'Rinite alérgica, nebulizações'),
(32, 38, 5, '2025-05-07', '2025-05-11', 'Urticária aguda, anti-histamínicos'),
(33, 14, 6, '2025-01-28', '2025-02-02', 'Gastroenterite viral, hidratação e dieta'),
(34, 22, 7, '2025-02-20', '2025-02-24', 'Enxaqueca crônica, repouso em local escuro'),
(35, 28, 8, '2025-03-18', '2025-03-23', 'Gastrenterite bacteriana, antibiótico'),
(36, 34, 9, '2025-04-12', '2025-04-16', 'Cólica intensa, analgésicos'),
(37, 42, 10, '2025-05-14', '2025-05-18', 'Intoxicação alimentar, dieta branda'),
(38, 48, 11, '2025-01-03', '2025-01-07', 'Síndrome gripal, repouso e vitaminas'),
(39, 54, 12, '2025-02-14', '2025-02-18', 'Procedimento ambulatorial, repouso'),
(40, 58, 13, '2025-03-22', '2025-03-26', 'Exame diagnóstico invasivo, recuperação'),
(41, 62, 14, '2025-04-07', '2025-04-11', 'Tratamento odontológico, dieta macia'),
(42, 66, 15, '2025-05-09', '2025-05-13', 'Fisioterapia respiratória pós-covid'),
(43, 70, 22, '2025-01-05', '2025-01-10', 'Check‑up geriátrico, repouso leve'),
(44, 30, 22, '2025-02-15', '2025-02-18', 'Dor de cabeça recorrente, repouso recomendado'),
(45, 45, 22, '2025-03-20', '2025-03-25', 'Exame complementar, retorno em 5 dias'),
(46, 55, 22, '2025-04-10', '2025-04-14', 'Tratamento dentário, dieta macia'),
(47, 20, 22, '2025-05-05', '2025-05-08', 'Crise de enxaqueca, ambiente escuro');

-- --------------------------------------------------------

--
-- Table structure for table `campanha`
--

CREATE TABLE `campanha` (
  `id_campanha` int(11) NOT NULL,
  `nome_campanha` varchar(255) NOT NULL,
  `data_inicio` date NOT NULL,
  `data_fim` date NOT NULL,
  `imagem` varchar(255) NOT NULL,
  `descricao` text NOT NULL
) ENGINE=InnoDB DEFAULT CHARSET=utf8mb4;

--
-- Dumping data for table `campanha`
--

INSERT INTO `campanha` (`id_campanha`, `nome_campanha`, `data_inicio`, `data_fim`, `imagem`, `descricao`) VALUES
(1, 'Campanha A', '2025-06-05', '2025-06-04', 'uploads/campanhas/campanha_68421c2385cc34.67209433.jpg', 'Campanha de teste para saber se funciona'),
(2, 'Campanha B', '2025-03-13', '2025-06-04', 'uploads/campanhas/campanha_684221f7d0b843.06649431.jpg', 'campanha para não aparecer'),
(3, 'Campanha C', '2025-06-19', '2025-09-18', 'uploads/campanhas/campanha_68422518518599.94111440.jpg', 'sl só teste');

-- --------------------------------------------------------

--
-- Table structure for table `medico`
--

CREATE TABLE `medico` (
  `id_medico` int(11) NOT NULL,
  `nome_medico` varchar(100) NOT NULL,
  `cpf` varchar(11) NOT NULL,
  `email_medico` varchar(100) NOT NULL,
  `tel_medico` varchar(11) NOT NULL,
  `coren_crm` varchar(20) NOT NULL,
  `tipo_medico` varchar(50) NOT NULL,
  `naci_medico` date NOT NULL,
  `id_posto` int(11) NOT NULL,
  `senha` varchar(100) NOT NULL
) ENGINE=InnoDB DEFAULT CHARSET=utf8mb4;

--
-- Dumping data for table `medico`
--

INSERT INTO `medico` (`id_medico`, `nome_medico`, `cpf`, `email_medico`, `tel_medico`, `coren_crm`, `tipo_medico`, `naci_medico`, `id_posto`, `senha`) VALUES
(1, 'João Sopara', '12345678909', 'joao.medico@example.com', '11999999999', 'CRM-SP 123456', 'Clínico Geral', '1980-05-10', 11, 'senha123'),
(2, 'Maria Longetti', '98765432100', 'maria.medica@example.com', '21988888888', 'CRM-RJ 654321', 'Pediatra', '1985-08-15', 12, 'senha123'),
(3, 'Carlos Pierote', '11144477735', 'carlos.medico@example.com', '31977777777', 'COREN-MG 987654', 'Enfermeiro', '1978-12-20', 13, 'senha123'),
(4, 'Felipe Arantes', '12345678910', 'felipe.arantes@araras.sp.gov.br', '1943822001', 'CRM-SP 123500', 'Clínico Geral', '1975-04-12', 14, 'senha123'),
(5, 'Larissa Pimenta', '10987654321', 'larissa.pimenta@araras.sp.gov.br', '1943822002', 'CRM-SP 234501', 'Pediatra', '1982-07-30', 15, 'senha123'),
(6, 'Marcos Guimarães', '23456789012', 'marcos.guimaraes@araras.sp.gov.br', '1943822003', 'CRM-SP 345612', 'Infectologista', '1968-11-20', 16, 'senha123'),
(7, 'Alberto Faria', '30123456780', 'alberto.faria@araras.sp.gov.br', '1943823001', 'CRM-SP 890456', 'Clínico Geral', '1960-01-15', 14, 'senha123'),
(8, 'Beatriz Soares', '31234567891', 'beatriz.soares@araras.sp.gov.br', '1943823002', 'CRM-SP 901567', 'Pediatra', '1972-02-20', 14, 'senha123'),
(9, 'Cristiano Machado', '32345678902', 'cristiano.machado@araras.sp.gov.br', '1943823003', 'CRM-SP 012678', 'Infectologista', '1968-03-25', 15, 'senha123'),
(10, 'Daniela Campos', '33456789013', 'daniela.campos@araras.sp.gov.br', '1943823004', 'CRM-SP 123789', 'Geriatra', '1975-04-30', 15, 'senha123'),
(11, 'Eduardo Teixeira', '34567890124', 'eduardo.teixeira@araras.sp.gov.br', '1943823005', 'CRM-SP 234890', 'Medicina da Família', '1965-05-05', 16, 'senha123'),
(12, 'Flávia Albuquerque', '35678901235', 'flavia.albuquerque@araras.sp.gov.br', '1943823006', 'CRM-SP 345901', 'Imunologista', '1980-06-10', 16, 'senha123'),
(13, 'Gustavo Ferreira', '36789012346', 'gustavo.ferreira@araras.sp.gov.br', '1943823007', 'CRM-SP 456012', 'Pneumologista', '1978-07-15', 14, 'senha123'),
(14, 'Helena Matos', '37890123457', 'helena.matos@araras.sp.gov.br', '1943823008', 'CRM-SP 567123', 'Clínico Geral', '1982-08-20', 15, 'senha123'),
(15, 'Igor Pires', '38901234568', 'igor.pires@araras.sp.gov.br', '1943823009', 'CRM-SP 678234', 'Pediatra', '1979-09-25', 16, 'senha123'),
(16, 'Juliana Nogueira', '39012345679', 'juliana.nogueira@araras.sp.gov.br', '1943823010', 'CRM-SP 789345', 'Infectologista', '1985-10-30', 14, 'senha123'),
(17, 'Kleber Rocha', '40123456780', 'kleber.rocha@araras.sp.gov.br', '1943823011', 'CRM-SP 890456', 'Geriatra', '1962-11-05', 15, 'senha123'),
(18, 'Larissa Oliveira', '41234567891', 'larissa.oliveira@araras.sp.gov.br', '1943823012', 'CRM-SP 901567', 'Medicina da Família', '1974-12-10', 16, 'senha123'),
(19, 'Marcelo Barbosa', '42345678902', 'marcelo.barbosa@araras.sp.gov.br', '1943823013', 'CRM-SP 012678', 'Imunologista', '1969-01-15', 14, 'senha123'),
(20, 'Natália Castro', '43456789013', 'natalia.castro@araras.sp.gov.br', '1943823014', 'CRM-SP 123789', 'Pneumologista', '1987-02-20', 15, 'senha123'),
(21, 'Otávio Santos', '44567890124', 'otavio.santos@araras.sp.gov.br', '1943823015', 'CRM-SP 234890', 'Clínico Geral', '1971-03-25', 16, 'senha123'),
(22, 'Luana Licaglio', '45678234590', 'luanalicaglio@araras.sp.gov.br', '1943824011', 'CRM-SP 901234', 'Clínico Geral', '1980-02-02', 14, 'vac');

-- --------------------------------------------------------

--
-- Table structure for table `posto`
--

CREATE TABLE `posto` (
  `id_posto` int(11) NOT NULL,
  `nome_posto` varchar(100) NOT NULL,
  `cep_posto` int(8) NOT NULL,
  `n_posto` int(10) NOT NULL
) ENGINE=InnoDB DEFAULT CHARSET=utf8mb4;

--
-- Dumping data for table `posto`
--

INSERT INTO `posto` (`id_posto`, `nome_posto`, `cep_posto`, `n_posto`) VALUES
(1, 'Posto A', 12345678, 100),
(2, 'Posto B', 12345679, 101),
(3, 'Posto C', 12345680, 102),
(4, 'Posto D', 12345681, 103),
(5, 'Posto E', 12345682, 104),
(6, 'Posto F', 12345683, 105),
(7, 'Posto G', 12345684, 106),
(8, 'Posto H', 12345685, 107),
(9, 'Posto I', 12345686, 108),
(10, 'Posto J', 12345687, 109),
(11, 'Posto K', 12345000, 200),
(12, 'Posto L', 12345001, 201),
(13, 'Posto M', 12345002, 202),
(14, 'UBS Araras Centro', 13601000, 50),
(15, 'PSF Jardim América', 13601100, 120),
(16, 'UBS Jardim Petúnia', 13601200, 890);

-- --------------------------------------------------------

--
-- Table structure for table `usuario`
--

CREATE TABLE `usuario` (
  `id_usuario` int(11) NOT NULL,
  `nome_usuario` varchar(100) NOT NULL,
  `cpf` varchar(11) NOT NULL,
  `email_usuario` varchar(100) NOT NULL,
  `tel_usuario` varchar(11) NOT NULL,
  `genero_usuario` char(1) NOT NULL CHECK (`genero_usuario` in ('M','F','O')),
  `naci_usuario` date NOT NULL,
  `peso_usuario` decimal(5,2) NOT NULL,
  `tipo_sang_usuario` varchar(3) NOT NULL,
  `med_usuario` varchar(100) NOT NULL,
  `doen_usuario` varchar(255) NOT NULL,
  `ale_usuario` varchar(255) NOT NULL,
  `cep_usuario` varchar(8) NOT NULL,
  `endereco` varchar(255) NOT NULL,
  `cidade` varchar(255) NOT NULL,
  `nc_usuario` int(10) NOT NULL,
  `senha` varchar(100) NOT NULL
) ENGINE=InnoDB DEFAULT CHARSET=utf8mb4;

--
-- Dumping data for table `usuario`
--

INSERT INTO `usuario` (`id_usuario`, `nome_usuario`, `cpf`, `email_usuario`, `tel_usuario`, `genero_usuario`, `naci_usuario`, `peso_usuario`, `tipo_sang_usuario`, `med_usuario`, `doen_usuario`, `ale_usuario`, `cep_usuario`, `endereco`, `cidade`, `nc_usuario`, `senha`) VALUES
(2, 'Miguel Di-Tanno Viganó', '51382943857', 'miguelzin@gmail.com', '19999999999', 'M', '2007-02-20', '80.00', 'O+', '', '', '', '12600074', '', '', 211, '$2y$10$MRpGXV.HXK9B0X17qY6drONp1wnHMGZPJn4mNO8ce0MwB8IssYTS2'),
(3, 'Rafael Favetta', '45260925840', 'rafaelfavetta@gmail.com', '19981084437', 'M', '2007-09-06', '77.00', 'A+', '', '', '', '13607030', 'Rua Professor Vicente Casale Padovani, Jardim Nossa Senhora de Fátima, Araras - SP', 'Araras', 231, '$2y$10$ArQhH63CSZ4IGYqZK9/.bu8fBKVwLYTTWEI9rNQAfue78k7qHHw2q'),
(4, 'André Favetta', '16061751818', 'andfavetta@gmail.com', '19981291195', 'M', '1976-03-02', '85.00', 'A+', '', '', '', '13607030', 'Rua Professor Vicente Casale Padovani, Jardim Nossa Senhora de Fátima, Araras - SP', 'Araras', 231, '$2y$10$RFeLbAqEJv7i/m4UDFSODOc8xzyS5Hs/fcr884/lDpVjvZj/AAquy'),
(5, 'Fernanda Lima', '12345678901', 'fernanda.lima@example.com', '11991234567', 'F', '1988-03-12', '59.00', 'O-', '', '', '', '01001000', 'Rua da Consolação, 100', 'São Paulo', 217, 'pass123'),
(6, 'Guilherme Torres', '10987654321', 'guilherme.torres@ex.com', '21992345678', 'M', '1992-08-24', '75.30', 'A+', '', '', '', '20040002', 'Av. Argentina, 200', 'Rio de Janeiro', 218, 'pass123'),
(7, 'Isabela Rocha', '23456789012', 'isabela.rocha@example.org', '31993456789', 'F', '1975-12-05', '68.40', 'B+', 'Metformina', 'Diabetes', '', '30150100', 'Rua da Bahia, 300', 'Belo Horizonte', 219, 'pass123'),
(8, 'Júlio César Andrade', '34567890123', 'julio.andrade@ex.net', '41994567890', 'M', '1983-06-18', '82.10', 'AB-', '', '', 'Pólen', '80010000', 'Praça Rui Barbosa, 10', 'Curitiba', 220, 'pass123'),
(9, 'Karolina Freitas', '45678901234', 'karolina.freitas@gmail.com', '51995678901', 'F', '2002-11-30', '54.60', 'O+', '', '', '', '90010100', 'Rua XV de Novembro, 555', 'Porto Alegre', 221, 'pass123'),
(10, 'Leonardo Silva', '56789012345', 'leo.silva@example.com', '61996789012', 'M', '1968-01-22', '90.20', 'A-', 'Losartana', 'Hipertensão', '', '60020020', 'Av. Amazonas, 1000', 'Manaus', 222, 'pass123'),
(11, 'Mariana Castro', '67890123456', 'mariana.castro@ex.org', '71997890123', 'F', '1995-09-14', '63.70', 'B-', '', '', 'Amendoim', '64000000', 'Rua 24 de Outubro, 77', 'Natal', 223, 'pass123'),
(12, 'Nicolas Pereira', '78901234567', 'nicolas.pereira@ex.net', '81998901234', 'M', '2010-04-02', '25.00', 'AB+', '', '', '', '69005000', 'Av. das Flores, 42', 'Boa Vista', 224, 'pass123'),
(13, 'Olívia Gomes', '89012345678', 'olivia.gomes@mail.com', '91999012345', 'F', '1980-07-07', '70.90', 'O-', 'Salbutamol', 'Asma', '', '49020010', 'Rua Marechal Deodoro, 123', 'João Pessoa', 225, 'pass123'),
(14, 'Paulo Henrique Santos', '90123456789', 'paulo.santos@example.org', '11991239876', 'M', '1999-02-17', '78.00', 'A+', '', '', '', '04104001', 'Rua Voluntários da Pátria, 9', 'São Paulo', 226, 'pass123'),
(15, 'Quésia Almeida', '11223344556', 'quesia.almeida@ex.com', '21992349876', 'F', '1972-05-05', '66.20', 'B+', '', '', 'Latex', '20020030', 'Rua Copacabana, 300', 'Rio de Janeiro', 227, 'pass123'),
(16, 'Rafael Nunes', '22334455667', 'rafael.nunes@mail.com', '31993450987', 'M', '1985-10-30', '85.50', 'AB-', 'Atenolol', 'Hipertensão', '', '30160110', 'Av. do Contorno, 150', 'Belo Horizonte', 228, 'pass123'),
(17, 'Sofia Cardoso', '33445566778', 'sofia.cardoso@ex.net', '41994560123', 'F', '2004-12-12', '48.30', 'O+', '', '', '', '80060010', 'Rua das Acácias, 25', 'Curitiba', 229, 'pass123'),
(18, 'Thiago Martins', '44556677889', 'thiago.martins@example.com', '51995670234', 'M', '1991-03-03', '73.40', 'A-', '', '', '', '90020020', 'Av. Ipiranga, 800', 'Porto Alegre', 230, 'pass123'),
(19, 'Úrsula Vieira', '55667788990', 'ursula.vieira@mail.com', '61996780345', 'F', '1978-08-08', '60.00', 'B+', '', '', 'Marisco', '69015000', 'Rua Boa Vista, 98', 'Boa Vista', 231, 'pass123'),
(20, 'Vitor Hugo Rocha', '66778899001', 'vitor.rocha@ex.org', '71997890456', 'M', '1965-11-11', '88.80', 'AB+', '', '', '', '64010020', 'Praça Sete de Setembro, 1', 'Natal', 232, 'pass123'),
(21, 'Wesley Braga', '77889900112', 'wesley.braga@ex.net', '81998900567', 'M', '2007-06-06', '30.50', 'O-', '', '', '', '49030020', 'Av. Beira Mar, 500', 'João Pessoa', 233, 'pass123'),
(22, 'Xênia Figueiredo', '88990011223', 'xenia.figueiredo@mail.com', '91999000678', 'F', '1993-01-01', '58.70', 'A+', '', '', '', '60030030', 'Rua Amazonas, 600', 'Manaus', 234, 'pass123'),
(23, 'Yago Souza', '99001122334', 'yago.souza@example.org', '11991236789', 'M', '1987-09-09', '80.10', 'B-', '', '', '', '04105002', 'Rua Augusta, 400', 'São Paulo', 235, 'pass123'),
(24, 'Zara Melo', '10111213141', 'zara.melo@ex.com', '21992347891', 'F', '1996-04-04', '62.90', 'AB-', '', '', '', '20030040', 'Av. Lúcio Costa, 2000', 'Rio de Janeiro', 236, 'pass123'),
(25, 'André Lopes', '12131415161', 'andre.lopes@mail.com', '31993448762', 'M', '1970-10-10', '77.70', 'O+', 'Metformina', 'Diabetes', '', '30170020', 'Rua Guaicuí, 321', 'Belo Horizonte', 237, 'pass123'),
(26, 'Beatriz Fernandes', '13141516171', 'beatriz.fernandes@ex.net', '41994549873', 'F', '2001-02-02', '55.50', 'A-', '', '', '', '80070020', 'Av. Visconde de Guarapuava, 2', 'Curitiba', 238, 'pass123'),
(27, 'Caio Albuquerque', '14151617181', 'caio.albuquerque@ex.org', '51995650984', 'M', '1982-07-07', '89.00', 'B+', '', '', 'Glúten', '90030030', 'Rua da Praia, 80', 'Porto Alegre', 239, 'pass123'),
(28, 'Diana Ribeiro', '15161718191', 'diana.ribeiro@mail.com', '61996761095', 'F', '1998-05-05', '65.20', 'AB+', '', '', '', '69025010', 'Praça da Bandeira, 15', 'Boa Vista', 240, 'pass123'),
(29, 'Emanuel Costa', '16171819201', 'emanuel.costa@example.com', '71997872106', 'M', '1960-03-03', '92.30', 'O-', 'Losartana', 'Hipertensão', '', '64020030', 'Av. Engenheiro Roberto Freire, 5', 'Natal', 241, 'pass123'),
(30, 'Fabiana Menezes', '17181920211', 'fabiana.menezes@ex.net', '81998983217', 'F', '2003-11-11', '53.80', 'A+', '', '', '', '49040030', 'Rua das Amoreiras, 22', 'João Pessoa', 242, 'pass123'),
(31, 'Gabriel Alves', '18192021231', 'gabriel.alves@mail.com', '91999094328', 'M', '1989-02-02', '77.40', 'B-', '', '', '', '60040040', 'Rua José Bonifácio, 44', 'Manaus', 243, 'pass123'),
(32, 'Helena Barros', '19202122241', 'helena.barros@ex.com', '11991205439', 'F', '1994-08-08', '60.60', 'AB-', '', '', '', '04106003', 'Av. Paulista, 1500', 'São Paulo', 244, 'pass123'),
(33, 'Igor Pereira', '20212223251', 'igor.pereira@example.org', '21992316540', 'M', '1979-01-01', '83.90', 'O+', '', '', '', '20040050', 'Rua Santa Clara, 99', 'Rio de Janeiro', 245, 'pass123'),
(34, 'Juliana Dantas', '21222324261', 'juliana.dantas@mail.com', '31993427651', 'F', '2006-06-06', '49.10', 'A-', '', '', '', '30180030', 'Av. Afonso Pena, 500', 'Belo Horizonte', 246, 'pass123'),
(35, 'Kevyn Moreira', '22232425271', 'kevyn.moreira@ex.net', '41994538762', 'M', '1990-12-12', '72.00', 'B+', '', '', '', '80080040', 'Rua Curitiba, 1234', 'Curitiba', 247, 'pass123'),
(36, 'Larissa Santos', '23242526281', 'larissa.santos@ex.org', '51995649873', 'F', '1981-03-03', '64.70', 'O-', '', '', '', '90040040', 'Av. Farrapos, 300', 'Porto Alegre', 248, 'pass123'),
(37, 'Mateus Henrique', '24252627291', 'mateus.henrique@mail.com', '61996750984', 'M', '2005-09-09', '28.30', 'AB+', '', '', 'Lactose', '69030020', 'Rua Cel. Esteves, 7', 'Boa Vista', 249, 'pass123'),
(38, 'Natália Oliveira', '25262728201', 'natalia.oliveira@example.com', '71997860495', 'F', '1997-07-07', '57.20', 'A+', '', '', '', '64030040', 'Av. Roberto Freire, 77', 'Natal', 250, 'pass123'),
(39, 'Otávio Lima', '26272829211', 'otavio.lima@ex.net', '81998971506', 'M', '1964-10-10', '85.60', 'B-', 'Atenolol', 'Hipertensão', '', '49050040', 'Rua Vasco da Gama, 500', 'João Pessoa', 251, 'pass123'),
(40, 'Priscila Fernandes', '27282930221', 'priscila.fernandes@mail.com', '91999082617', 'F', '2000-01-01', '59.90', 'AB-', '', '', '', '60050050', 'Rua Joaquim Nabuco, 30', 'Manaus', 252, 'pass123'),
(41, 'Adriana Pinto', '30214567899', 'adriana.pinto@mail.com', '19981234567', 'F', '1985-04-20', '58.50', 'O+', 'Metformina', 'Diabetes tipo 2', '', '01001001', 'Rua das Palmeiras, 12', 'São Paulo', 251, 'senha123'),
(42, 'Bruno Machado', '41325678901', 'bruno.machado@ex.com', '21981234568', 'M', '1990-11-05', '82.00', 'A-', '', '', '', '20020020', 'Av. Atlântica, 200', 'Rio de Janeiro', 252, 'senha123'),
(43, 'Carla Ferreira', '52436789012', 'carla.ferreira@mail.com', '31981234569', 'F', '1978-07-16', '64.30', 'B+', 'Losartana', 'Hipertensão', '', '30150081', 'Rua dos Tupis, 45', 'Belo Horizonte', 253, 'senha123'),
(44, 'Daniel Rocha', '63547890123', 'daniel.rocha@ex.org', '41981234570', 'M', '1995-02-22', '76.50', 'AB-', '', '', '', '80060011', 'Praça Rui Barbosa, 9', 'Curitiba', 254, 'senha123'),
(45, 'Eduarda Almeida', '74658901234', 'eduarda.almeida@mail.com', '51981234571', 'F', '2002-12-30', '52.10', 'O-', '', '', 'Amendoim', '90010011', 'Rua do Comércio, 88', 'Porto Alegre', 255, 'senha123'),
(46, 'Fábio Santos', '85769012345', 'fabio.santos@ex.net', '61981234572', 'M', '1983-08-09', '88.20', 'A+', '', '', '', '49010011', 'Av. Getúlio Vargas, 123', 'João Pessoa', 256, 'senha123'),
(47, 'Gabriela Costa', '96870123456', 'gabriela.costa@mail.com', '71981234573', 'F', '1971-03-17', '67.80', 'B-', '', '', 'Glúten', '64000001', 'Rua das Ameixeiras, 7', 'Natal', 257, 'senha123'),
(48, 'Hugo Ribeiro', '07981234567', 'hugo.ribeiro@ex.com', '81981234574', 'M', '2008-09-09', '30.20', 'AB+', '', '', '', '69005001', 'Av. dos Holandeses, 55', 'Boa Vista', 258, 'senha123'),
(49, 'Isis Martins', '18092345678', 'isis.martins@mail.com', '91981234575', 'F', '1992-01-01', '59.00', 'O+', '', '', '', '60030031', 'Rua 7 de Setembro, 120', 'Manaus', 259, 'senha123'),
(50, 'João Paulo Lima', '29103456789', 'joao.lima@ex.org', '11981234576', 'M', '1988-06-25', '79.40', 'A-', '', '', '', '04104002', 'Rua Voluntários, 10', 'São Paulo', 260, 'senha123'),
(51, 'Kamila Dias', '30214567890', 'kamila.dias@ex.com', '21982345677', 'F', '1974-10-12', '61.20', 'B+', 'Salbutamol', 'Asma', '', '20020031', 'Av. Rio Branco, 300', 'Rio de Janeiro', 261, 'senha123'),
(52, 'Leandro Souza', '41325678902', 'leandro.souza@mail.com', '31983456788', 'M', '1997-05-05', '83.70', 'AB-', '', '', '', '30150082', 'Rua da Bahia, 210', 'Belo Horizonte', 262, 'senha123'),
(53, 'Mariana Lopes', '52436789013', 'mariana.lopes@ex.org', '41984567899', 'F', '2000-11-11', '55.40', 'O-', '', '', 'Ovos', '80060012', 'Rua das Flores, 14', 'Curitiba', 263, 'senha123'),
(54, 'Natan Oliveira', '63547890124', 'natan.oliveira@mail.com', '51985678900', 'M', '1965-12-30', '90.00', 'A+', 'Atenolol', 'Hipertensão', '', '90010012', 'Praça da Sé, 2', 'Porto Alegre', 264, 'senha123'),
(55, 'Olga Mendes', '74658901235', 'olga.mendes@ex.net', '61986789001', 'F', '1981-03-03', '69.50', 'B-', '', '', 'Marisco', '49010012', 'Av. João XXIII, 7', 'João Pessoa', 265, 'senha123'),
(56, 'Pedro Carvalho', '85769012346', 'pedro.carvalho@mail.com', '71987890102', 'M', '1994-07-07', '77.10', 'AB+', '', '', '', '64000002', 'Rua das Acácias, 45', 'Natal', 266, 'senha123'),
(57, 'Querida Santos', '96870123457', 'querida.santos@ex.com', '81988901203', 'F', '2005-04-04', '42.30', 'O+', '', '', '', '69005002', 'Rua das Árvores, 16', 'Boa Vista', 267, 'senha123'),
(58, 'Rafael Gomes', '07981234568', 'rafael.gomes@ex.org', '91989012304', 'M', '1979-09-09', '82.80', 'A-', '', '', '', '60030032', 'Av. Amazonas, 900', 'Manaus', 268, 'senha123'),
(59, 'Sabrina Pinto', '18092345679', 'sabrina.pinto@mail.com', '11980123456', 'F', '1993-02-02', '59.90', 'B+', '', '', 'Lactose', '04104003', 'Rua Augusta, 333', 'São Paulo', 269, 'senha123'),
(60, 'Tiago Ferreira', '29103456780', 'tiago.ferreira@ex.com', '21981230000', 'M', '1986-05-15', '80.30', 'AB-', 'Metformina', 'Diabetes tipo 2', '', '20020032', 'Av. das Américas, 600', 'Rio de Janeiro', 270, 'senha123'),
(61, 'Úrsula Machado', '30214567891', 'ursula.machado@ex.net', '31981230001', 'F', '1977-08-08', '65.00', 'O-', '', '', 'Pólen', '30150083', 'Rua da Paz, 21', 'Belo Horizonte', 271, 'senha123'),
(62, 'Vítor Sá', '41325678903', 'vitor.sa@mail.com', '41981230002', 'M', '2003-12-12', '72.50', 'A+', '', '', '', '80060013', 'Praça Santos Dumont, 5', 'Curitiba', 272, 'senha123'),
(63, 'Wagner Leal', '52436789014', 'wagner.leal@ex.org', '51981230003', 'M', '1962-11-11', '88.90', 'B-', 'Losartana', 'Hipertensão', '', '90010013', 'Av. Ipiranga, 100', 'Porto Alegre', 273, 'senha123'),
(64, 'Xuxa Moura', '63547890125', 'xuxa.moura@mail.com', '61981230004', 'F', '1989-03-03', '57.30', 'AB+', '', '', '', '49010013', 'Rua Santa Cruz, 30', 'João Pessoa', 274, 'senha123'),
(65, 'Yuri Costa', '74658901236', 'yuri.costa@ex.net', '71981230005', 'M', '1991-07-07', '79.00', 'O+', '', '', '', '64000003', 'Rua Paraíba, 55', 'Natal', 275, 'senha123'),
(66, 'Zuleica Almeida', '85769012347', 'zuleica.almeida@mail.com', '81981230006', 'F', '1973-01-01', '62.40', 'A-', '', '', 'Amendoim', '69005003', 'Av. JK, 400', 'Boa Vista', 276, 'senha123'),
(67, 'Arthur Ribeiro', '96870123458', 'arthur.ribeiro@ex.com', '91981230007', 'M', '1984-06-06', '85.20', 'B+', '', '', '', '60030033', 'Rua Amazonas, 770', 'Manaus', 277, 'senha123'),
(68, 'Bianca Nunes', '07981234569', 'bianca.nunes@mail.com', '11981230008', 'F', '2006-09-09', '48.80', 'AB-', '', '', '', '04104004', 'Rua da Consolação, 400', 'São Paulo', 278, 'senha123'),
(69, 'Claudio Paz', '18092345670', 'claudio.paz@ex.org', '21981230009', 'M', '1958-02-02', '92.10', 'O-', 'Atenolol', 'Hipertensão', '', '20020033', 'Av. Brasil, 900', 'Rio de Janeiro', 279, 'senha123'),
(70, 'Daniela Reis', '29103456781', 'daniela.reis@mail.com', '31981230010', 'F', '1999-10-10', '60.70', 'B-', '', '', 'Lactose', '30150084', 'Rua Goiás, 99', 'Belo Horizonte', 280, 'senha123'),
(73, 'Carlos Medeiros', '34567129807', 'carlosmedeiros@gmail.com', '1943824010', 'M', '1966-06-16', '80.50', 'O+', '', '', '', '13601000', 'Rua do Idoso, 100', 'Araras', 281, 'pac'),
(74, 'Carlos Medeiros', '34567129850', 'carlosmedeiros@gmail.com', '1943824010', 'M', '1966-06-16', '80.50', 'O+', '', '', '', '13601000', 'Rua do Idoso, 100', 'Araras', 281, 'pac'),
(75, 'Carlos Medeiros', '34567129840', 'carlosmedeiros@gmail.com', '1943824010', 'M', '1966-06-16', '80.50', 'O+', '', '', '', '13601000', 'Rua do Idoso, 100', 'Araras', 281, 'pac'),
(76, 'Carlos Medeiros', '98765432100', 'carlosmedeiros@gmail.com', '1943824010', 'M', '1966-06-16', '80.50', 'O+', '', '', '', '13601000', 'Rua do Idoso, 100', 'Araras', 281, 'pac'),
(77, 'Carlos Medeiros', '66024540099', 'carlosmedeiros@gmail.com', '1943824010', 'M', '1966-06-16', '80.50', 'O+', '', '', '', '13601000', 'Rua do Idoso, 100', 'Araras', 281, 'pac');

-- --------------------------------------------------------

--
-- Table structure for table `vacina`
--

CREATE TABLE `vacina` (
  `id_vaci` int(11) NOT NULL,
  `nome_vaci` varchar(100) NOT NULL,
  `fabri_vaci` varchar(100) NOT NULL,
  `lote_vaci` varchar(50) NOT NULL,
  `via_adimicao` varchar(50) NOT NULL,
  `n_dose` int(1) NOT NULL,
  `intervalo_dose` int(11) NOT NULL,
  `idade_reco` varchar(20) DEFAULT NULL,
  `estoque` int(11) NOT NULL,
  `sus` tinyint(1) NOT NULL DEFAULT 1
) ENGINE=InnoDB DEFAULT CHARSET=utf8mb4;

--
-- Dumping data for table `vacina`
--

INSERT INTO `vacina` (`id_vaci`, `nome_vaci`, `fabri_vaci`, `lote_vaci`, `via_adimicao`, `n_dose`, `intervalo_dose`, `idade_reco`, `estoque`, `sus`) VALUES
(22, 'BCG', 'Instituto Butantan', 'BCG2025A', 'Intradérmica', 1, 0, '0 meses', 9998, 1),
(24, 'Penta (DTP/Hib/Hepatite B)', 'Fiocruz', 'PENTA2025', 'Intramuscular', 3, 2, '2 meses', 10000, 1),
(25, 'Poliomielite inativada (VIP)', 'Sanofi', 'VIP2025L01', 'Intramuscular', 4, 2, '2 meses', 10000, 1),
(27, 'Pneumocócica 10-valente', 'GSK', 'PN10V2025', 'Intramuscular', 3, 2, '2 meses', 10000, 1),
(29, 'Rotavírus humano', 'GSK', 'RTH2025', 'Oral', 2, 2, '2 meses', 10000, 1),
(30, 'Febre amarela', 'Bio-Manguinhos', 'FA2025', 'Subcutânea', 1, 0, '5 anos', 9999, 1),
(31, 'Tríplice viral (SCR)', 'MSD', 'SCR2025', 'Subcutânea', 2, 3, '1 ano', 10000, 1),
(33, 'Hepatite A', 'Fiocruz', 'HEPA2025', 'Intramuscular', 2, 6, '1 ano', 10000, 1),
(34, 'Varicela', 'MSD', 'VARIC2025', 'Subcutânea', 2, 36, '1 ano', 10000, 1),
(35, 'HPV (quadrivalente/9-valente)', 'MSD', 'HPVQ2025', 'Intramuscular', 2, 6, '9 anos', 10000, 1),
(37, 'Meningocócica ACWY', 'Fiocruz', 'ACWY2025', 'Intramuscular', 3, 2, '0 meses', 9994, 1),
(39, 'Hepatite B (adulto)', 'Fiocruz', 'HEPBAD2025', 'Intramuscular', 3, 2, '18 anos', 10000, 1),
(40, 'Influenza', 'Instituto Butantan', 'INF2025', 'Intramuscular', 1, 0, '9 anos', 10000, 1),
(41, 'Pneumocócica 23-valente', 'MSD', 'PN23V2025', 'Intramuscular', 1, 0, '5 anos', 10000, 1),
(42, 'Hepatite B', 'Fiocruz', 'HEPB2025', 'Intramuscular', 3, 1, '0 meses', 9997, 1),
(49, 'Poliomielite oral bivalente (VOPb)', 'Instituto Butantan', 'VOP2025B', 'Oral', 1, 0, '0 meses', 9999, 1),
(50, 'Tetraviral (SCRV)', 'MSD', 'SCRV2025', 'Subcutânea', 2, 3, '1 ano', 10000, 1),
(51, 'dTpa (adulto/gestante)', 'Sanofi', 'DTPA2025', 'Intramuscular', 1, 0, '18 anos', 10000, 1),
(55, 'Herpes-zóster (RZV)', 'GSK', 'HZ2025', 'Intramuscular', 2, 2, '50 anos', 10000, 1),
(56, 'Dengue (Qdenga®)', 'Takeda', 'DENG2025', 'Intramuscular', 2, 3, '10 anos', 9999, 0),
(57, 'VSR (Respiratório)', 'Pfizer', 'VSR2025', 'Intramuscular', 1, 0, 'A qualquer momento', 10000, 0),
(58, 'Raiva (pré-exposição)', 'Bio-Manguinhos', 'RAIVA2025', 'Intramuscular', 1, 0, 'A qualquer momento', 10000, 0),
(59, 'Vacinas de viajantes (tifóide, encefalite, etc.)', '—', '—', 'Variável', 1, 0, 'A qualquer momento', 10000, 0),
(63, 'Meningocócica C (conjugada)', 'Fiocruz', 'MENCC2025', 'Intramuscular', 2, 2, '3 meses', 10000, 1),
(64, 'dT', 'Fiocruz', 'DT2025F', 'Intramuscular', 10, 120, '7 anos', 10000, 1);

--
-- Indexes for dumped tables
--

--
-- Indexes for table `aplicacao`
--
ALTER TABLE `aplicacao`
  ADD PRIMARY KEY (`id_aplica`),
  ADD KEY `id_usuario` (`id_usuario`),
  ADD KEY `id_posto` (`id_posto`),
  ADD KEY `id_medico` (`id_medico`),
  ADD KEY `id_vaci` (`id_vaci`);

--
-- Indexes for table `atestado`
--
ALTER TABLE `atestado`
  ADD PRIMARY KEY (`id_atestado`),
  ADD KEY `id_paci` (`id_paci`),
  ADD KEY `id_medico` (`id_medico`);

--
-- Indexes for table `campanha`
--
ALTER TABLE `campanha`
  ADD PRIMARY KEY (`id_campanha`);

--
-- Indexes for table `medico`
--
ALTER TABLE `medico`
  ADD PRIMARY KEY (`id_medico`),
  ADD KEY `id_posto` (`id_posto`);

--
-- Indexes for table `posto`
--
ALTER TABLE `posto`
  ADD PRIMARY KEY (`id_posto`);

--
-- Indexes for table `usuario`
--
ALTER TABLE `usuario`
  ADD PRIMARY KEY (`id_usuario`),
  ADD UNIQUE KEY `cpf` (`cpf`);

--
-- Indexes for table `vacina`
--
ALTER TABLE `vacina`
  ADD PRIMARY KEY (`id_vaci`);

--
-- AUTO_INCREMENT for dumped tables
--

--
-- AUTO_INCREMENT for table `aplicacao`
--
ALTER TABLE `aplicacao`
  MODIFY `id_aplica` int(11) NOT NULL AUTO_INCREMENT, AUTO_INCREMENT=3263;

--
-- AUTO_INCREMENT for table `atestado`
--
ALTER TABLE `atestado`
  MODIFY `id_atestado` int(11) NOT NULL AUTO_INCREMENT, AUTO_INCREMENT=48;

--
-- AUTO_INCREMENT for table `campanha`
--
ALTER TABLE `campanha`
  MODIFY `id_campanha` int(11) NOT NULL AUTO_INCREMENT, AUTO_INCREMENT=4;

--
-- AUTO_INCREMENT for table `medico`
--
ALTER TABLE `medico`
  MODIFY `id_medico` int(11) NOT NULL AUTO_INCREMENT, AUTO_INCREMENT=23;

--
-- AUTO_INCREMENT for table `posto`
--
ALTER TABLE `posto`
  MODIFY `id_posto` int(11) NOT NULL AUTO_INCREMENT, AUTO_INCREMENT=17;

--
-- AUTO_INCREMENT for table `usuario`
--
ALTER TABLE `usuario`
  MODIFY `id_usuario` int(11) NOT NULL AUTO_INCREMENT, AUTO_INCREMENT=78;

--
-- AUTO_INCREMENT for table `vacina`
--
ALTER TABLE `vacina`
  MODIFY `id_vaci` int(11) NOT NULL AUTO_INCREMENT, AUTO_INCREMENT=65;

--
-- Constraints for dumped tables
--

--
-- Constraints for table `aplicacao`
--
ALTER TABLE `aplicacao`
  ADD CONSTRAINT `aplicacao_ibfk_1` FOREIGN KEY (`id_usuario`) REFERENCES `usuario` (`id_usuario`) ON DELETE CASCADE ON UPDATE CASCADE,
  ADD CONSTRAINT `aplicacao_ibfk_2` FOREIGN KEY (`id_posto`) REFERENCES `posto` (`id_posto`),
  ADD CONSTRAINT `aplicacao_ibfk_3` FOREIGN KEY (`id_medico`) REFERENCES `medico` (`id_medico`),
  ADD CONSTRAINT `aplicacao_ibfk_4` FOREIGN KEY (`id_vaci`) REFERENCES `vacina` (`id_vaci`);

--
-- Constraints for table `atestado`
--
ALTER TABLE `atestado`
  ADD CONSTRAINT `atestado_ibfk_1` FOREIGN KEY (`id_paci`) REFERENCES `usuario` (`id_usuario`) ON DELETE CASCADE ON UPDATE CASCADE,
  ADD CONSTRAINT `atestado_ibfk_2` FOREIGN KEY (`id_medico`) REFERENCES `medico` (`id_medico`);

--
-- Constraints for table `medico`
--
ALTER TABLE `medico`
  ADD CONSTRAINT `medico_ibfk_1` FOREIGN KEY (`id_posto`) REFERENCES `posto` (`id_posto`);
COMMIT;

/*!40101 SET CHARACTER_SET_CLIENT=@OLD_CHARACTER_SET_CLIENT */;
/*!40101 SET CHARACTER_SET_RESULTS=@OLD_CHARACTER_SET_RESULTS */;
/*!40101 SET COLLATION_CONNECTION=@OLD_COLLATION_CONNECTION */;
